['2018-10-28 23:59:29+00:00'],['والسوبر العام افضل مثال ذهاب وإياب وغاريث بيل هرب برشلونة فريق محظوظ جدأ ما يقابل الريال الا في اصعب حالاته'],['realandnaqi']
['2018-10-28 23:59:21+00:00'],['على إيه بس، الحقيقة وإن كانت مؤلمة بس لازم تتقال،برشلونة قدر يستغل وقوع مدريد ويعمل سكور هايفرق في معنويات لاعيبته ويكمل اسبوع مثالي برغم ان ناس كتير توقعت تعثره خصوصاً بعد إصابة ميسي، لكن برشلونة يحسبله جداً انه بيعرف يستغل التفاصيل الصغيرة اللي بتحسم الماتشات خصوصاً ضد إنتر'],['Ma7moudAshour95']
['2018-10-28 23:59:00+00:00'],['#برشلونه_ريال_مدريد #خمســة_مــووووووهpic.twitter.com/lg4Qzasg9f'],['lolo2014x89']
['2018-10-28 23:58:29+00:00'],['٥٥٥غغغغااتنمظزومررىا #برشلونه_ريال_مدريد'],['Andro86665241']
['2018-10-28 23:58:28+00:00'],['ليفربول اه برشلونة لا ههههههههههههههههههههههه'],['ThePharao83']
['2018-10-28 23:58:16+00:00'],['غاات #برشلونه_ريال_مدريد'],['Andro86665241']
['2018-10-28 23:58:09+00:00'],['تتتتت#برشلونه_ريال_مدريد'],['Andro86665241']
['2018-10-28 23:58:02+00:00'],['اَي حد يشجع خاطي برشلونة وميلان مايفهمش في كورة'],['altarhoun']
['2018-10-28 23:57:45+00:00'],['#حاجة_عادي_ههههه #والله_غضتوني_ههههه #_5__بعد_هههههههه #إرحمو_قوم_عزيز_ذل #ForçaBarça #FCBRMA #Classico #الكلاسيكو #برشلونة_ريال_مدريدpic.twitter.com/npwcrsJBha'],['GhrissiMoh1']
['2018-10-28 23:57:41+00:00'],['قبل ٨ سنوات .. وش اللي تغير ؟ ماتغير شي #برشلونة pic.twitter.com/M8EFcmaM3R'],['SultanAlhokair2']
['2018-10-28 23:57:17+00:00'],['حبيبي برشلوني ... يموت في برشلونه .... pic.twitter.com/NPV5q289jM'],['so0so02']
['2018-10-28 23:57:17+00:00'],['#برشلونه_ريال_مدريد دولڤو. pic.twitter.com/FG2wFmF3zM'],['sbeet6']
['2018-10-28 23:57:05+00:00'],['برشلونة اليوم كان منظم ومتماسك وأظهر صلابة كبيرة جدا'],['Faisalinho11']
['2018-10-28 23:56:57+00:00'],['#برشلونه_ريال_مدريد استغفرالله اللذي لا إله الا هو الحي القيوم واتوب إليه عدد خلقه ورضا نفسه وزنة عرشه ومداد كلماته..'],['SALMANOMB6']
['2018-10-28 23:56:55+00:00'],|['تغنوا بخماسية السوبر وهي فـ الحقيقة جمع لمباراتين 3-1, 2-0 رد عليهم برشلونة بخماسية في مباراة واحدة 5-1 ، فرق بين جلد الصغير والكبير !']|,['azy181']
['2018-10-28 23:56:47+00:00'],['علشان بس الناس اللي بتعظم في #رونالدو و #زيدان... برشلونة داست على وش الريال في البرنابيو قبل كده في وجود رونالدو 4-0 و بدون ميسي. دا غير إنه كان موجود في ماتش الـ 5-0 اللي كان في الكامب نو لما كان... https://www.facebook.com/ahmed.elzamalkawy.uwk.07/posts/1823859427692617 …'],['AhmedMostafa_10']
['2018-10-28 23:56:28+00:00'],['#برشلونه_ريال_مدريدpic.twitter.com/tHXVva05vq'],['fafa24321']
['2018-10-28 23:56:26+00:00'],['#الاهلي_وفاق_سطيف #تويته_عن_طقس_مدينتك #برشلونه_ريال_مدريد #امطار_المدينهpic.twitter.com/ocpQqf8c49'],['al88664053']
['2018-10-28 23:56:13+00:00'],['هي برشلونة فاز 5 دون ميسي ودون جدتك'],['MJS1420']
['2018-10-28 23:56:03+00:00'],['رسالة تحذير من راموس لكونتي بعد الخسارة من #برشلونة http://dlvr.it/Qpp9Z8 pic.twitter.com/41UEDuWekj'],['BarcelonaAR']
['2018-10-28 23:56:01+00:00'],['اتفرج ع برشلونه وليفربول احسن ههههه'],['asmaaismail402']
['2018-10-28 23:55:51+00:00'],['الدوري ما برشلونة بدليل اخر مرة فزنا ما انتصرنا عليك لاذهابا ولا اياب..وفي 2013 حدث معك ذلك وكنت البطل.. بالنسبة للشخصية ف بالمثل يحدث معك في نهايات المستايا'],['Hussain_bega']
['2018-10-28 23:55:38+00:00'],['الاسد اكل خمسه وهو موجود اوك بدايته ويوم جاء زيدان زغب برشلونه وكتم بلوفهم وخذ ابطال اورباء ثلاث مرات طرق علو خشوم برشلونه وخوشوم كل لعيبت العالم وين لسانك وقتها وين حاطه'],['zrzzr2020']
['2018-10-28 23:55:01+00:00'],['برشلونه'],['NoDezz_']
['2018-10-28 23:54:36+00:00'],['برشلونه فاز؟؟'],['eng_bella1']
['2018-10-28 23:54:35+00:00'],['سادية برشلونية تليق بكبرياء مدريد وجماهيره #برشلونه_ريال_مدريد'],['dr5ab']
['2018-10-28 23:54:14+00:00'],['أسأل برشلونة https://twitter.com/IsThatLedo/status/1056693391487057922 …'],['AboKila_22']
['2018-10-28 23:54:13+00:00'],['ماني قادر انام من شدة المتعة اللي أنا فيها بعد فوز #برشلونة الساحق على #ريال_مدريد'],['7ADI_ALEES']
['2018-10-28 23:54:05+00:00'],['بيديرول: برشلونة أهان ريال مدريد .. ولوبيتيجي سيقود تدريبات الريال غدا http://dlvr.it/Qpp9Q7 pic.twitter.com/nzx4Br8l1N'],['mssdr24']
['2018-10-28 23:53:59+00:00'],['لازم ناخد ف الاعتبار ان الماتش جه ف وقت كان مستوى برشلونة بيعلى ومستوى مدريد ف النازل يعني'],['mohamedsayad10']
['2018-10-28 23:53:46+00:00'],['برشلونه ، تشيلسي ، مانشستر pic.twitter.com/Dlxqffm8h3'],['GomaaOfficial']
['2018-10-28 23:53:41+00:00'],['لاغي هدف ماهوش تسلل من برشلونه وضربة جزاء ماحسبهاش وروبيرتو حمراء ظلم ومزال تكلم إمشي ارقد ياخاسر إمشي'],['mohammed7367975']
['2018-10-28 23:53:38+00:00'],['بسألك ؛ ستة من الاتفاق ولا خمسة من برشلونه ايهما أكثر وجعاً بنسبة لك؟'],['IFA9V']
['2018-10-28 23:53:27+00:00'],["J'ai ajouté une vidéo à une playlist @YouTube - اجمل مباراة في تاريخ الكلاسيكو برشلونة و ريال"],['belkhir_saber']
['2018-10-28 23:53:00+00:00'],['انا شخص اشجع برشلونة لاكن للمعلومية الريال من بعد هذه اللقطة حقق "دوري الابطال" وعلى مشارف كأس العالم للأندية ، لقطتك ي صاحبي خياليه .'],['90siiil']
['2018-10-28 23:52:40+00:00'],['يا كابتن شجع برشلونه'],['FathiAl10902675']
['2018-10-28 23:52:37+00:00'],['فرشركم فرش برشلونه ٥/٠ ٤/٠ ٣/٠ بوجود المنتهي ٥/١ بدونه'],['Salhajeri7']
['2018-10-28 23:52:33+00:00'],['#برشلونه_ريال_مدريد أهداف المباراة HD BAR 5-1 RMA عصام الشواليpic.twitter.com/8p2m6ix4bj'],['S8R_HD102']
['2018-10-28 23:52:23+00:00'],|['#أسرة_شي_إن #تويته_عن_طقس_مدينتك #افضل_سناب_t #الاهلي_وفاق_سطيف #الدريس_يسيء_لمغردي_الوطن #برشلونه_ريال_مدريد #انعش_قلبك_بالذكر #الدريس_يسيء_لمغردي_الوووطن #السعودية #متعصب_هلالي_يقود_المسابقات #الديربي_الحايلي #امطار_المدينه #امطار_الرياض #أمطار_الرياض #اغلاق_قناه_الفتنه_الجزيرهpic.twitter.com/aNqSfOBwNl – at KFC || كنتاكي']|,['Markat_shop2017']
['2018-10-28 23:52:15+00:00'],['#برشلونه_ريال_مدريد @andresiniesta8 #الرسام كان يستمتع بالكلاسيكو pic.twitter.com/C6p1db5RPd'],['Hassan_oS9']
['2018-10-28 23:52:03+00:00'],['سؤال للاخوان البرشلونيين هل الحفله الى الان مستمره ؟ #برشلونه'],['engabdulllllah']
['2018-10-28 23:51:59+00:00'],['الكراش بتحفل عليا علشان شلنا 5 من برشلونه واتعادلنا من الوصل الاماراتي #غدر_الكراشات'],['muhamed5mostafa']
['2018-10-28 23:51:51+00:00'],['عجزت اعرف من تشجع...مره برشلونه..ومره القيصومه..ومره فريق حارتنا https://twitter.com/1Xmy53caFDtzR2O/status/1056694752446431236 …'],['k3kk555']
['2018-10-28 23:51:48+00:00'],['الليله غير... برشلونه يكتسح في الكلاسيكو والاهلي الملكي يقدم سيمفونيه فخمه بشبابه الواعد وفي ملعب النار المخيف دائما الراقي لا يحسن الكلام والرد الا فوق المستطيل الاخضر ورحم الله القائل :اذا فاز الاهلي تنام الارض مبسوطه'],['wabumelha']
['2018-10-28 23:51:17+00:00'],['ههههههه طيب مثل ما بدك بس شو محل ليفانتي واشبيلية والافيس من الاعراب ؟ ولا هدول كومبارس وضيفتهن يجهزو الريال للفضيحة الكبرى ولا شو الكلاسكو الجاي خمسة وخميسة هي وضيفة برشلونة'],['YAZANSY54']
['2018-10-28 23:51:05+00:00'],['عدد البطولات اللي حصل عليها برشلونة في دوري ابطال اوروبا https://twitter.com/Hossam_yehia74/status/1056688858841186304 …'],['3omr_sabry']
['2018-10-28 23:50:53+00:00'],['مدريدي امه بتصحيه وبتقوله اصحي يابني الساعة بقت ستة قالها ايه دا هما لسا بيجيبوا اجوان !! #ريال_مدريد_برشلونه @modestboy27pic.twitter.com/kqLzyzDIQT'],['bayoo220']
['2018-10-28 23:50:46+00:00'],['5 بس ده مش ضعف ف دورى الابطال ده علشان الحسد بس مش اكتر وع فكره برشلونه الفرقه الوحيده ف العالم اللى خدت 6 بطولات ف سنه واحده الريال بقاا عمرهاا م خدت الثلاثيه المحليه'],['A7med_omar_11']
['2018-10-28 23:50:27+00:00'],['جماهير برشلونة لـ لوبيتيغي بعد الخُماسية : أبقى جولين نحن نحبك https://bit.ly/2yFvLXl pic.twitter.com/eTVT6sRzqp'],['Sport360TV']
['2018-10-28 23:50:08+00:00'],['مايفسده الريال يزوده الاهلي ويوم مايعلم بيه الا ربنا.. #الاهلي_الوصل #برشلونه_ريال_مدريد'],['Amouri_74']
['2018-10-28 23:49:59+00:00'],['لو كان الامر بيدي ابقيكي في برشلونة حتى يفوزوا بالخمسة https://twitter.com/yara_lb/status/1056575556807024640 …'],['jasemjj2011']
['2018-10-28 23:49:52+00:00'],['والله العظيم انه صادق دايما برشلونة كعبه عالي وافضل من الريال مو شرط يكون عنده ابطال اكثر يكون افضل من برشلونة في المواجهات برشلونة كعبه عالي . https://twitter.com/OBAID_ALESSI/status/1056593783352160256 …'],['iMusl9']
['2018-10-28 23:49:40+00:00'],['إعادة الكلاسيكو التاريخي للبارسا (5-1) الأن للي حاب يتفرج #برشلونه_ريال_مدريد'],['fcbarcelona_200']
['2018-10-28 23:49:28+00:00'],['مهاجم ريال مدريد .... مهاجم برشلونة كريم بن زيما صاموئيل ايتو كريم بن زيما تيري هنري كريم بن زيما زلاتان ابراهيموفيتش كريم بن زيما. ديفد فيا كريم بن زيما. لويس سواريز ادري كريم بن زيما لازم علينا لزمة وما ادري وما يقدر النادي يشتري بديل pic.twitter.com/niIX2O7fsx'],['Waleeed_RM']
['2018-10-28 23:49:27+00:00'],['ولد راموس اربع ابطال برشلونه بكبره خمسه ما الومهم pic.twitter.com/XZFG3V0w7y'],['_SlI9b']
['2018-10-28 23:49:12+00:00'],['مقام ايه بس يا ابراهيم ده الريال لعب مع برشلونة في وجود رونالدو 30 ماتش فاز في8 بس وتعادل في 8 وخسر في 14'],['ronquariz']
['2018-10-28 23:49:10+00:00'],['I liked a @YouTube video http://youtu.be/Cc9KHlhYOIQ?a تحليل ماتش برشلونة و ريال مدريد عليه العوض'],['3abdo5aled']
['2018-10-28 23:48:53+00:00'],['#برشلونه_ريال_مدريد فضيحه كرويه وقد اعتاد الريال عليها ليست بشيئ الغريبpic.twitter.com/o8yV7yLoUO'],['Mjalhazmi56']
['2018-10-28 23:48:37+00:00'],['اهداء لكل مدريدي عاشق #برشلونه_ريال_مدريدpic.twitter.com/gY0Vbvb7MH'],['Itt7adii']
['2018-10-28 23:48:20+00:00'],['لاوالله لا نستطيع بدأنا ندافع ثم هاجمنا وسنستمر ( القوه القوه لابارك الله بالضعف ) ولدينا كذلك نهضة بلد وبناء لا يمكن ان يتوقف امامنا 5 سنوات فقط لنصدق كلمات سيدي العضيد ونغير وجه #السعودية_العظمى لذلك اجازتنا بعد 5 سنوات من الان #برشلونه_ريال_مدريد #اغلاق_قناه_الفتنه_الجزيره_12'],['GreatSaudiArabi']
['2018-10-28 23:48:14+00:00'],['الاخوه اللي بتشجع برشلونه هو احنا حفلنا عليكوا كدا لما كسبناكم في السوبر رايح جاي في إيه بجد يعني..'],['MahmoudHemeda14']
['2018-10-28 23:48:01+00:00'],['أخبار نادي برشلونة: هل يستحق لوبيتيجي الإقالة من ريال مدريد؟ فالفيردي يُجيب المزيد من التفاصيل: http://90kora.com/news/721272'],['buzzkoranews']
['2018-10-28 23:47:41+00:00'],['برشلونة بعد ليونيل ميسي https://barcelonabelarabi.info/%d8%a8%d8%b1%d8%b4%d9%84%d9%88%d9%86%d8%a9-%d8%a8%d8%b9%d8%af-%d9%84%d9%8a%d9%88%d9%86%d9%8a%d9%84-%d9%85%d9%8a%d8%b3%d9%8a/ …pic.twitter.com/IwAoZAcKX2'],['asdaalwatan']
['2018-10-28 23:47:38+00:00'],['و قعد يقولك ريمونتادا و بتاع يا عم هم عارفين يمسكوا نفسهم علشان يعملوا ريمونتادا #الكلاسيكو #ElClásico #ForçaBarça #برشلونة_ريال_مدريد'],['hobaaa_magdy']
['2018-10-28 23:47:34+00:00'],['شاهد ردة فعل الإعلام و نجوم كرة القدم على تصديات حارس برشلونة تير شتيغن الرائعة أمام إشبيلية https://barcelonabelarabi.info/%d8%b4%d8%a7%d9%87%d8%af-%d8%b1%d8%af%d8%a9-%d9%81%d8%b9%d9%84-%d8%a7%d9%84%d8%a5%d8%b9%d9%84%d8%a7%d9%85-%d9%88-%d9%86%d8%ac%d9%88%d9%85-%d9%83%d8%b1%d8%a9-%d8%a7%d9%84%d9%82%d8%af%d9%85-%d8%b9%d9%84/ …pic.twitter.com/cpW4Y5LUUo'],['asdaalwatan']
['2018-10-28 23:47:22+00:00'],['#برشلونه_ريال_مدريد . فيه بنت هينا بتاق تلعب فيفا ؟ تكلمني يلا حبيباتي ون قيم .'],['ms_juj']
['2018-10-28 23:47:07+00:00'],['#برشلونه_ريال_مدريد كاسيميرو :المدرب أمرني بإيقاف ميسي وهذا ماجعلني قريب جدا من المدرجات في هذه المباراة ولكن فجأة ظهر ذاك الثور سواريز وفعل أشياء جميلة براموس pic.twitter.com/6xgcrggLH4'],['Hassan_oS9']
['2018-10-28 23:47:00+00:00'],['ملخص مباراه برشلونة وجيرونا 6-1 – تألق ميسي وهدف كوتينيو العالمي – الدوري الاسباني https://barcelonabelarabi.info/%d9%85%d9%84%d8%ae%d8%b5-%d9%85%d8%a8%d8%a7%d8%b1%d8%a7%d9%87-%d8%a8%d8%b1%d8%b4%d9%84%d9%88%d9%86%d8%a9-%d9%88%d8%ac%d9%8a%d8%b1%d9%88%d9%86%d8%a7-6-1-%d8%aa%d8%a3%d9%84%d9%82-%d9%85%d9%8a%d8%b3/ …pic.twitter.com/EbGTVrJtLk'],['asdaalwatan']
['2018-10-28 23:46:40+00:00'],['ملخص مباراه برشلونة وريال بيتيس 5-0 – مباراه مجنونة – تألق ميسي – الدوري الاسباني https://barcelonabelarabi.info/%d9%85%d9%84%d8%ae%d8%b5-%d9%85%d8%a8%d8%a7%d8%b1%d8%a7%d9%87-%d8%a8%d8%b1%d8%b4%d9%84%d9%88%d9%86%d8%a9-%d9%88%d8%b1%d9%8a%d8%a7%d9%84-%d8%a8%d9%8a%d8%aa%d9%8a%d8%b3-5-0-%d9%85%d8%a8%d8%a7%d8%b1/ …pic.twitter.com/YtDBca11A2'],['asdaalwatan']
['2018-10-28 23:46:35+00:00'],|['وقائـع المؤتمـر الصحفـي لبرشلونـة قبـل مواجهـة ريـال مدريد فـي كلاسيكو الارض || برشلونة و ريال مدريد https://barcelonabelarabi.info/%d9%88%d9%82%d8%a7%d8%a6%d9%80%d8%b9-%d8%a7%d9%84%d9%85%d8%a4%d8%aa%d9%85%d9%80%d8%b1-%d8%a7%d9%84%d8%b5%d8%ad%d9%81%d9%80%d9%8a-%d9%84%d8%a8%d8%b1%d8%b4%d9%84%d9%88%d9%86%d9%80%d8%a9-%d9%82%d8%a8-2/ …pic.twitter.com/5BjTKDQi7N']|,['asdaalwatan']
['2018-10-28 23:46:17+00:00'],['تربيه برشلونة'],['HAMEEDO1122']
['2018-10-28 23:46:00+00:00'],['ملخص خماسية برشلونة ضد ريال مدريد 5-1 هاتــريك سواريز جنون عصام الشوالي【شاشة كاملة HD】 https://barcelonabelarabi.info/%d9%85%d9%84%d8%ae%d8%b5-%d8%ae%d9%85%d8%a7%d8%b3%d9%8a%d8%a9-%d8%a8%d8%b1%d8%b4%d9%84%d9%88%d9%86%d8%a9-%d8%b6%d8%af-%d8%b1%d9%8a%d8%a7%d9%84-%d9%85%d8%af%d8%b1%d9%8a%d8%af-5-1-%d9%87%d8%a7%d8%aa/ …pic.twitter.com/knIrInTBFB'],['asdaalwatan']
['2018-10-28 23:45:58+00:00'],['ياطفل برشلونه ، ذباتك مكرره .. ؟ يعني بتقنعني الأفضل بالاهداف وإلا باللألقاب ماعرفنا لكم ! كل بطولات برشلونه كأس الملك هههههـ ضيف عليها (5) كورات ذهبية تحت الجزمة #CR7pic.twitter.com/AISIVxgv2Z'],['RP7CR7']
['2018-10-28 23:45:56+00:00'],['التشكيلة المتوقعة لمباراة برشلونة امام إنتر ميلان بدوري الأبطال // اللاعب الذي يُعوض ميسي https://barcelonabelarabi.info/%d8%a7%d9%84%d8%aa%d8%b4%d9%83%d9%8a%d9%84%d8%a9-%d8%a7%d9%84%d9%85%d8%aa%d9%88%d9%82%d8%b9%d8%a9-%d9%84%d9%85%d8%a8%d8%a7%d8%b1%d8%a7%d8%a9-%d8%a8%d8%b1%d8%b4%d9%84%d9%88%d9%86%d8%a9-%d8%a7%d9%85/ …pic.twitter.com/pGMWOGbPdW'],['asdaalwatan']
['2018-10-28 23:45:55+00:00'],['برشلونة لنخاع'],['EAlshams']
['2018-10-28 23:45:52+00:00'],['كيف سيذكر التاريخ فوز برشلونة الكاسح على ريال مدريد ؟ https://ift.tt/2Sqb9uv pic.twitter.com/JEStkpjNhN'],['yassinecool2']
['2018-10-28 23:45:47+00:00'],['للنوم بعد متعة اليوم من الكتلان #برشلونه_ريال_مدريد'],['i6_9l']
['2018-10-28 23:45:39+00:00'],['ملخص اهداف مباراة برشلونة وريال مدريد 5-1 مباراة ممتعة جنون الشوالي ودراجي الشوط الاول https://barcelonabelarabi.info/%d9%85%d9%84%d8%ae%d8%b5-%d8%a7%d9%87%d8%af%d8%a7%d9%81-%d9%85%d8%a8%d8%a7%d8%b1%d8%a7%d8%a9-%d8%a8%d8%b1%d8%b4%d9%84%d9%88%d9%86%d8%a9-%d9%88%d8%b1%d9%8a%d8%a7%d9%84-%d9%85%d8%af%d8%b1%d9%8a%d8%af-5/ …pic.twitter.com/9O0AQp5AvN'],['asdaalwatan']
['2018-10-28 23:45:31+00:00'],['غاب رونالدو فظهرت برشلونه . مبروك يامصعب .'],['aaeettaa']
['2018-10-28 23:45:28+00:00'],['الان جماهير برشلونة راح تستلم جماهير ريال مدريد طقطقة لـ فترة الله أعلم كم تبقى من بعد 4 - 0 بدون ميسي الان صارت 5 - 1 بدون ميسي الله يعينكم #برشلونة_ريال_مدريد #ريال_مدريد_برشلونة #الكلاسيكو #ElClasico #كلاسيكو_العالم #كلاسيكو_الأرض'],['mahra6791']
['2018-10-28 23:45:27+00:00'],['بس و الله حتى بعد غياب ميسي و كريستيانو رونالدو عن الكلاسيكو ما زال في حماس و كان كلاسيكو رائع #برشلونة_ريال_مدريد #ريال_مدريد_برشلونة #الكلاسيكو #ElClasico #كلاسيكو_العالم #كلاسيكو_الأرض'],['mahra6791']
['2018-10-28 23:45:27+00:00'],['أداء رائع و مذهل لـ برشلونة حتى مع غياب ميسي لازم يعملوا الكثير لـ ريال مدريد حتى يعودوا كما كانوا قبل رحيل المدرب زيدان و رحيل كريستيانو رونالدو لانه من بعد رحيلهم و هوية الفريق ضائعة #برشلونة_ريال_مدريد #ريال_مدريد_برشلونة #الكلاسيكو #ElClasico #كلاسيكو_العالم #كلاسيكو_الأرض'],['mahra6791']
['2018-10-28 23:45:25+00:00'],['نهاية المباراة : برشلونة 5 - 1 ريال مدريد مبروووووك لـ برشلونة و عشاق برشلونة الفوز في المباراة و هاردلك لـ ريال مدريد #برشلونة_ريال_مدريد #ريال_مدريد_برشلونة #الكلاسيكو #ElClasico #كلاسيكو_العالم #كلاسيكو_الأرضpic.twitter.com/VdB0abMsMo'],['mahra6791']
['2018-10-28 23:45:21+00:00'],['الكينغ و المحارب ارتورو فيدال يسجل أول هدف له مع برشلونة في الكلاسيكو و هو لسى ما كمل 3 دقائق على دخوله كـ بديل يستاهل لاعبنا و ولدنا السابق #برشلونة_ريال_مدريد #ريال_مدريد_برشلونة #الكلاسيكو #ElClasico #كلاسيكو_العالم #كلاسيكو_الأرض'],['mahra6791']
['2018-10-28 23:45:21+00:00'],['قوووووووووول خامس لـ برشلونة من ارتورو فيدال و اسيست من عثمان ديمبيلي بـ الدقيقة 87 رأسية رائعة من الكينغ و المحارب فيدال و يسجل أول هدف له مع برشلونة في الكلاسيكو #برشلونة_ريال_مدريد #ريال_مدريد_برشلونة #الكلاسيكو #ElClasico #كلاسيكو_العالم #كلاسيكو_الأرض'],['mahra6791']
['2018-10-28 23:45:19+00:00'],['هاتريك من لويس سواريز و أمام ريال مدريد مو معقول يا سواريز وين جماهير برشلونة اللي تقول عنه فاشل و ما منه فائدة و تكملة عدد هذا هو سواريز شالكم و رفعكم في المباراة في غياب ميسي #برشلونة_ريال_مدريد #ريال_مدريد_برشلونة #الكلاسيكو #ElClasico #كلاسيكو_العالم #كلاسيكو_الأرض'],['mahra6791']
['2018-10-28 23:45:17+00:00'],['قوووووووووول رابع لـ برشلونة من سواريز و اسيست من سيرجي روبيرتو بـ الدقيقة 83 خطأ من راموس و افتكها سيرجيو روبيرتو و انفراد لـ لويس سواريز أمام كورتوا و سجل الهاتريك #برشلونة_ريال_مدريد #ريال_مدريد_برشلونة #الكلاسيكو #ElClasico #كلاسيكو_العالم #كلاسيكو_الأرض'],['mahra6791']
['2018-10-28 23:45:15+00:00'],['المدفع : برشلونة و انتر – ليفربول و النجم الأحمر – اخر الزمر طيط https://barcelonabelarabi.info/%d8%a7%d9%84%d9%85%d8%af%d9%81%d8%b9-%d8%a8%d8%b1%d8%b4%d9%84%d9%88%d9%86%d8%a9-%d9%88-%d8%a7%d9%86%d8%aa%d8%b1-%d9%84%d9%8a%d9%81%d8%b1%d8%a8%d9%88%d9%84-%d9%88-%d8%a7%d9%84%d9%86%d8%ac%d9%85/ …pic.twitter.com/5Q4cr9WHzP'],['asdaalwatan']
['2018-10-28 23:45:13+00:00'],['#أسرة_شي_إن #تويته_عن_طقس_مدينتك #افضل_سناب_t #الاهلي_وفاق_سطيف #الدريس_يسيء_لمغردي_الوطن #برشلونه_ريال_مدريد #انعش_قلبك_بالذكر #الدريس_يسيء_لمغردي_الوووطن #السعودية #متعصب_هلالي_يقود_المسابقات #الديربي_الحايلي #امطار_المدينه #امطار_الرياض #أمطار_الرياض #اغلاق_قناه_الفتنه_الجزيرهpic.twitter.com/aoQ92tVq2G'],['SweeTana1616']
['2018-10-28 23:45:12+00:00'],['فعلها بيكيه... مرة أخرى.. #برشلونه_ريال_مدريدpic.twitter.com/p8cVbIH5yM'],['m_alkhameri11']
['2018-10-28 23:45:07+00:00'],|['تحليل مباراة برشلونة وانتر ميلان .. ما بعد ميسى || فى الشبكة https://barcelonabelarabi.info/%d8%aa%d8%ad%d9%84%d9%8a%d9%84-%d9%85%d8%a8%d8%a7%d8%b1%d8%a7%d8%a9-%d8%a8%d8%b1%d8%b4%d9%84%d9%88%d9%86%d8%a9-%d9%88%d8%a7%d9%86%d8%aa%d8%b1-%d9%85%d9%8a%d9%84%d8%a7%d9%86-%d9%85%d8%a7-%d8%a8/ …pic.twitter.com/D2U3ajqf0x']|,['asdaalwatan']
['2018-10-28 23:45:07+00:00'],['#برشلونه_ريال_مدريد دعوة مظلومpic.twitter.com/aJKXacrz4T'],['abolezzam']
['2018-10-28 23:45:05+00:00'],['اجمل شي في ناس برشلونه انو حتي فوزهم رابطنو بي فرضيه غياب ميسي يعني عارفين حالهم بعد اعتزال الراجل بي سنوات ، كم انت كبير ياضكر #ليو ميسي'],['KhalidAliYou']
['2018-10-28 23:45:05+00:00'],['ناقد رياضي: هزيمة #ريال_مدريد من #برشلونة كارثة.. ولا يمكن الاعتماد على بنزيمة التفاصيل .. https://goo.gl/WkvqoA @baladtv @HHathout #الماتش #صدى_البلد #أمير_عبد_الحميد_في_الماتش'],['baladtv']
['2018-10-28 23:45:05+00:00'],['امام برشلونه تسقط انت وتاريخك'],['Naif__FC']
['2018-10-28 23:45:03+00:00'],['كانت اول عشر جولات والله لو انه وش ماغير شيء.. ووقتها برشلونة كلها متنشنه عليه بعد ماحرمهم برنابيو.. العبرة فيما بعد ميسي عذبه كثيرا... لكنه قلص فوارق كبيييييييرة بين الفريقين.. ارجع لاخر مباراتين كلاسيكو لبيب اللي كلها بكامب نو وبتعرف شغل المو هناك صح'],['BaderM_']
['2018-10-28 23:44:58+00:00'],['ناقد رياضي: هزيمة ريال مدريد من برشلونة كارثة.. ولا يمكن الاعتماد على بنزيمة https://goo.gl/WkvqoA #الماتش @HHathout @baladtv'],['baladtv']
['2018-10-28 23:44:25+00:00'],['ملخص مباراة برشلونة واشبيلية {5 0} {نهائى كأس الملك} على سعيد الكعبى https://barcelonabelarabi.info/%d9%85%d9%84%d8%ae%d8%b5-%d9%85%d8%a8%d8%a7%d8%b1%d8%a7%d8%a9-%d8%a8%d8%b1%d8%b4%d9%84%d9%88%d9%86%d8%a9-%d9%88%d8%a7%d8%b4%d8%a8%d9%8a%d9%84%d9%8a%d8%a9-5-0-%d9%86%d9%87%d8%a7%d8%a6%d9%89-%d9%83/ …'],['asdaalwatan']
['2018-10-28 23:44:22+00:00'],['ضحك هيستيري اثناء تحليل مبارة برشلونة وتوتنهام 4-2 والسبب صديقهم المدريدي https://barcelonabelarabi.info/%d8%b6%d8%ad%d9%83-%d9%87%d9%8a%d8%b3%d8%aa%d9%8a%d8%b1%d9%8a-%d8%a7%d8%ab%d9%86%d8%a7%d8%a1-%d8%aa%d8%ad%d9%84%d9%8a%d9%84-%d9%85%d8%a8%d8%a7%d8%b1%d8%a9-%d8%a8%d8%b1%d8%b4%d9%84%d9%88%d9%86%d8%a9/ …pic.twitter.com/tXMshONGzU'],['asdaalwatan']
['2018-10-28 23:44:18+00:00'],['شاهد انبهار طارق ذياب باداء ليونيل ميسي اثناء تحليل مباراة برشلونة واشبيلية 4-2 https://barcelonabelarabi.info/%d8%b4%d8%a7%d9%87%d8%af-%d8%a7%d9%86%d8%a8%d9%87%d8%a7%d8%b1-%d8%b7%d8%a7%d8%b1%d9%82-%d8%b0%d9%8a%d8%a7%d8%a8-%d8%a8%d8%a7%d8%af%d8%a7%d8%a1-%d9%84%d9%8a%d9%88%d9%86%d9%8a%d9%84-%d9%85%d9%8a%d8%b3/ …pic.twitter.com/RH1Ca1bUOn'],['asdaalwatan']
['2018-10-28 23:44:08+00:00'],['هذا ضعف مدريد و الانتر مش قوة برشلونة'],['HamadiElbarasii']
['2018-10-28 23:44:05+00:00'],['فيفا يصدم برشلونة والاتحاد الإسباني بهذا القرار - منتديات بحر الامل: http://www.baharalaml.com/vb/showthread.php?t=6319#.W9ZAY5uUb5U.twitter …'],['sqalktheri']
['2018-10-28 23:44:03+00:00'],['سوريا : " فريق مبتذل تقولون برشلونة ؟ اما مدريد اليوم كان يطلب الصفح " pic.twitter.com/7jrH2wIVn4'],['ZoYaZenat']
['2018-10-28 23:44:02+00:00'],['ملخص مباراة برشلونة ويوفنتوس 3-1 [نهائي دوري ابطال اوروبا 2015 ] جنون رؤوف خليف HD https://barcelonabelarabi.info/%d9%85%d9%84%d8%ae%d8%b5-%d9%85%d8%a8%d8%a7%d8%b1%d8%a7%d8%a9-%d8%a8%d8%b1%d8%b4%d9%84%d9%88%d9%86%d8%a9-%d9%88%d9%8a%d9%88%d9%81%d9%86%d8%aa%d9%88%d8%b3-3-1-%d9%86%d9%87%d8%a7%d8%a6%d9%8a-%d8%af/ …pic.twitter.com/XmtKsMzHkP'],['asdaalwatan']
['2018-10-28 23:43:54+00:00'],|['اهداف برشلونة وريال مدريد 5-1 || هاتريك سواريز || تعليق عصام الشوالي https://barcelonabelarabi.info/%d8%a7%d9%87%d8%af%d8%a7%d9%81-%d8%a8%d8%b1%d8%b4%d9%84%d9%88%d9%86%d8%a9-%d9%88%d8%b1%d9%8a%d8%a7%d9%84-%d9%85%d8%af%d8%b1%d9%8a%d8%af-5-1-%d9%87%d8%a7%d8%aa%d8%b1%d9%8a%d9%83-%d8%b3%d9%88%d8%a7/ …pic.twitter.com/iOVuc5FmSf']|,['asdaalwatan']
['2018-10-28 23:43:44+00:00'],['ملخص مباراة كلاسيكو الجنون – برشلونة وريال مدريد 6-2 ميسي المبدع يجنن يوسف سيف #الكلاسيكو • HD https://barcelonabelarabi.info/%d9%85%d9%84%d8%ae%d8%b5-%d9%85%d8%a8%d8%a7%d8%b1%d8%a7%d8%a9-%d9%83%d9%84%d8%a7%d8%b3%d9%8a%d9%83%d9%88-%d8%a7%d9%84%d8%ac%d9%86%d9%88%d9%86-%d8%a8%d8%b1%d8%b4%d9%84%d9%88%d9%86%d8%a9-%d9%88%d8%b1/ …pic.twitter.com/GNODuXUbdL'],['asdaalwatan']
['2018-10-28 23:43:42+00:00'],['#برشلونه_ريال_مدريد بهدلهpic.twitter.com/GYrg3EwVBz'],['teem80199573']
['2018-10-28 23:43:41+00:00'],['مع الـ VAR ولا بدون الـ VAR برشلونه الأقوى باختصار'],['Mgeed_8']
['2018-10-28 23:43:40+00:00'],['اي مدريدي يتكلم عن برشلونه ويستنقص منهم بعدين بس نرد عليه بهذي الصوره بدون كلام الصوره تتكلم وترد عليهم .. pic.twitter.com/ozBwIrSrfz'],['Illusions_n']
['2018-10-28 23:43:34+00:00'],['مدافعين الريال اول ما برشلونه تبدا هجمه pic.twitter.com/70F1eDNR2y'],['shenuda_malak']
['2018-10-28 23:43:25+00:00'],['برشلونة B يحتل المركز السادس بدوري الدرجة الثانية يعني افضل من مركز ريال مدريد بالليغا pic.twitter.com/5hyVERP9fU'],['BatainehFandi']
['2018-10-28 23:43:07+00:00'],['#برشلونه_ريال_مدريد . الو ؟الدون افزع لنا هلمره بس نخيناك. الدون: عندي مييتنق الساعه 5.'],['ms_juj']
['2018-10-28 23:42:55+00:00'],['#برشلونه_الريال #برشلونية'],['EAlshams']
['2018-10-28 23:42:21+00:00'],['نتائج لما يقوم نادي باكمله على لاعب واحد ! #برشلونه_ريال_مدريد'],['Lb1mu9orsv9Vr0h']
['2018-10-28 23:42:14+00:00'],['I liked a @YouTube video http://youtu.be/wAyUQEK6T9M?a المدفع : الكلاسيكو برشلونة ريال مدريد (5-1) -'],['khalidelzahra']
['2018-10-28 23:42:11+00:00'],['اللي اتمناه يصير هالموسم ان برشلونه يقابل اليوفي يارب تصير'],['salmotp8']
['2018-10-28 23:42:11+00:00'],['ملخص أهداف الكلاسيكو بعد فوز ساحق لنادي برشلونة ب 5 أهداف مقابل 1 على غريمه التقليدي ريال مدريد تقرير : Lhossin Chakir https://www.facebook.com/BifornaAgency.MainPage/videos/606742403074841/ …'],['BifornaAgency']
['2018-10-28 23:41:45+00:00'],['- خط وسط #برشلونة ضد ريال مدريد : •آرثر ميلو : 49 تمريرة بدقة 94% •ايفان راكيتيتش : 69 تمريرة بدقة 94% •سيرجيو بوسكيتس : 62 تمريرة بدقة 92% - #برشلونه_ريال_مدريد'],['Hamod95211Hamod']
['2018-10-28 23:41:42+00:00'],['ريال مدريد يسقط بالخمسه القاضيه من برشلونه ... وبرشلونه يقسوا عليه هو الاخر لينزله الى اسفل سافلين .. ليقبع في المركز الخامس بعد الخمسه الخماسيه المشهوره عذرا مدريد .. وهلا بالخمسه pic.twitter.com/6Gy8mO4ZVX'],['hadi1q2w3e4r5t']
['2018-10-28 23:41:31+00:00'],['طيب كل الفرق الكبيره حظها يفلق الصخر برشلونه ريال يوفي يونايتد البرازيل المانيا دايم يفوزون اخر الدقايق ع شان حظهم يفلق الصخر'],['ali201874265048']
['2018-10-28 23:41:28+00:00'],['طريقة لعب برشلونه مجهولة بدون ميسي غالبا بالنسبة للخصم ، اللعب ضد بارسا ميسي يفوق كثير عن اللعب ضد بارسا بدونه، لان الخصم يعرف خطورة وطريقة البارسا معه وبدونه يجهلون الطريقة بشكل اكبر ويقل التركيز وقراءة طريقة اللعب ، بارسا بدون ميسي يعطي غالبا مفاجآت للخصم ، بسبب تنوع اللعب'],['Yousef___10']
['2018-10-28 23:41:05+00:00'],['برشلونة يلعب وكانه في تمرين او في حديقته الخلفيه خماسية تاريخيه للبرشا ... عندما تقوم ببيع افضل لاعبينك يابيرتيز هذا ماتجنيه لم لدى الريال اي حلول . #برشلونه_ريال_مدريد'],['Walid__ali']
['2018-10-28 23:40:55+00:00'],['الواحد كان بقالة كتير متبسطش وفرح من قلبة كده زى انهارده شكرا برشلونة بجد على المتعه والسعاده ديه وعقبال فرحة الاهلى يارب يوم الجمعة'],['hassanm54321']
['2018-10-28 23:40:50+00:00'],['- كيفَ نجَوتَ مِن كُل هَذا الخَرَاب الذي حَدَث ؟ = كُنت اشاهِده مِن المَنزِل مِثلُك !! #برشلونه_ريال_مدريدpic.twitter.com/WtCLpCeJ7e'],['_AhmedRaouf']
['2018-10-28 23:40:37+00:00'],['SPORT : إلى الشارع !! برشلونة يسجل نتيجة تاريخية أخرى في مرمى ريال مدريد و يتسبب في إقالة لوبتيغي pic.twitter.com/TehN6II4Yd'],['nasronasro1988']
['2018-10-28 23:40:27+00:00'],['كل يوم بتثبتلي انك حمار والله الفضيحة دي أيا كان احنا الي عملناها في نفسنا مش ابداع برشلونه ولا سواريز كان سبايدر مان يعني ومن غير رونالدو مفيش أجوال اصلا https://twitter.com/IbrahimFayek/status/1056612683678662657 …'],['ahmed_hossam227']
['2018-10-28 23:40:20+00:00'],['تلك الحسرة على وجوههم لم تكُن الأولى ، ولن تكون الأخيرة ، دائماً ماكانت روؤس المدريديين تحت أحذية لاعبي برشلونة'],['totobarg95']
['2018-10-28 23:39:58+00:00'],['فعلا من كان يشجع برشلونة قبل ٢٠٠٢ في الثمانينات والتسعينات كان دربي الغضب يسيطر ع العالم ايطاليا كانت متسيدة الكل كان يشجع المان او الريال او ميلان او اليوفي'],['3yar_2012']
['2018-10-28 23:39:50+00:00'],['الامارات بلد الامن والامان الامارات بلد السلام الامارات بلد الاخوه لكل العالم الامارات اغلا وأحلا واسعد بلد #الامارات_والسعودية_قلب_واحد #ريال_مدريد_برشلونه pic.twitter.com/gowlCRmaAi'],['om4r90']
['2018-10-28 23:39:49+00:00'],['كانفو : " برشلونة فازوا على مدريد بلا شيء ، لو لعبوا بشكل افضل كانوا سجلوا ١٢ هدفا " pic.twitter.com/PIwgrp9Ide'],['ZoYaZenat']
['2018-10-28 23:39:48+00:00'],['اليوفي مهيمن على الدوري في السنوات الاخيرة مثل برشلونة'],['barca_506']
['2018-10-28 23:39:04+00:00'],['هى برشلونه كانت بتلعب تليفونات بني سويف ولا ايه'],['Mohamed34779775']
['2018-10-28 23:38:53+00:00'],['طبيعي كل جواد وله كبوه أفضل وسط وأفضل محور الي هو مودريتش استقبل ٥ أهداف اليوم من برشلونه'],['hgg68190743']
['2018-10-28 23:38:19+00:00'],['برشلونة ( 5 – 1 ) ريال مدريد الدوري الاسباني https://www.kooraarabia.com/66975'],['koora_spain']
['2018-10-28 23:38:15+00:00'],['٥وبدووونن #ميسي بررششاا #برشا #برشلونه_ريال_مدريد'],['iix34__']
['2018-10-28 23:38:11+00:00'],['ههههههههههه والله ما يفهم كورة والله برشلونة ماشيه معنا نفوز يوم دافعنا اليوم بغينا ننلقم هدفين'],['1995YaZeeD']
['2018-10-28 23:38:08+00:00'],['لا تجعلو كره القدم مجال للتفرقه بينكم ف نحن أبناء وطن واحد و أمه واحده و شعب واحد و خمسه واحد #برشلونه_ريال_مدريد'],['fahadaltaher__']
['2018-10-28 23:38:07+00:00'],|['||￣￣￣￣￣￣￣￣￣￣￣|| 5 بدون #ميسي يامصخرة ||＿＿＿＿＿＿＿＿＿＿＿|| \\ (•◡•) / \\ / --- || || #برشلونه #برشلونه_ريال_مدريد']|,['al_7ayder_80']
['2018-10-28 23:38:03+00:00'],['العهرسيستا مرضى ويرددون كلام يقولك والله كريس لقم خمسه من برشلونه طيب انت مستوعب وقتها وش كان برشلونه بيب؟ ومين كانت العناصر الي مع كريس؟ ورغم هذا محد كان يتجرأ ويوقف برشلونه ذيك الفتره الا الاسطورة'],['m6rwan_']
['2018-10-28 23:38:01+00:00'],['أحسن م فيك انك بتشجع برشلونة'],['Hima23102687']
['2018-10-28 23:37:54+00:00'],["#برشلونه_ريال_مدريد الخمسـه قاسيه'pic.twitter.com/VKwD7a5c6u"],['tooth__52']
['2018-10-28 23:37:52+00:00'],['خماسية بدون السيد!!! احنا برشلونة انتوا مين معلش مش شايفكوا pic.twitter.com/NBNwFl4HaX'],['David_MSGD']
['2018-10-28 23:37:50+00:00'],|['AS || هي ليست الخُماسية الأولى ; ريال مدريد تعرض لـ وأكثر من برشلونة في مناسبات عديدة ; 1926 , 5-1 1935 , 5-0 1945 , 5-0 1950 , 7-2 1954 , 5-1 1957 , 6-1 1974 , 5-0 1994 , 5-0 2009 , 6-2 2010 , 5-0 2018 , 5-1 بووووم pic.twitter.com/yQheLuY3eD']|,['abnalaaz71']
['2018-10-28 23:37:40+00:00'],|['اهداف || برشلونة وريال مدريد || 5-1|| هاتريك سواريز وجنون الشوالي: http://youtu.be/dnENc9bwTKc?a']|,['sharekora']
['2018-10-28 23:37:34+00:00'],['مبروك فوز روجر ببطولة "بازل" واللقب 99 وعقبال ال.. أجمل حكايه وحب أحد عالمي فوز برشلونه ودعس الريال بالخمسه ولقب بازل ل روجر pic.twitter.com/u5HTM8vHvA'],['A_Elkassapy']
['2018-10-28 23:37:34+00:00'],['#برشلونه_ريال_مدريد شكل جماعة ريال يوم وهم يتفرجوا ع مباره اللهم لا شماتهpic.twitter.com/xzLGAkm1Kk'],['qi_kq']
['2018-10-28 23:37:28+00:00'],['#مهو_تكبر_ولا_غرور_من_الله_هيبه #برشلونة #كلاسيكو #ريال_مدريد #فلسطين #القدس #عراقي_حزين #راب #الاسلام #وسيم_يوسف #محمد_عساف #اليوم #الماضي #نورالزين #سيف_نبيل #عيسى_المرزوق #كيكي… https://www.instagram.com/p/Bpfs-yVA8W5/?utm_source=ig_twitter_share&igshid=1tkfzieenl9du …'],['mrmzuon23']
['2018-10-28 23:37:27+00:00'],|['OLE || حطموهم و بالخمسة ! - حتى و بدون ميسي ، برشلونة فاز على ريال مدريد 5-1 ، مباراة ستبقى في الذاكرة . لويس سواريز فعل كل شيء في المباراة وسجل هاتريك . فريق فالفيردي هو المتصدر و لوبيتيجي من الممكن ان يخسر وظيفته.']|,['barca_news_arab']
['2018-10-28 23:37:23+00:00'],['برشاااا. #برشلونه_ريال_مدريد'],['iix34__']
['2018-10-28 23:37:21+00:00'],['#صالون_سيلينا_للتجميل كوني الأجمل في يوم زفافك، لتربحي أحد عروض العروس ما عليكي سوى أن تقومي بمشاركة المنشور على صفحتك ومنشن لصديقاتك #برشلونه_ريال_مدريدpic.twitter.com/cZKPAXMDI9'],['hodakojan']
['2018-10-28 23:37:18+00:00'],['لما تطلب كونتينهو من الفرع ولا مو اي فرع فرع الصباحيه #برشلونه_ريال_مدريدpic.twitter.com/oyLO2hTL4y'],['TeLLo_Q8']
['2018-10-28 23:37:18+00:00'],['أعجبني فيديو @YouTube على http://youtu.be/2c6rpeMfoJ0?a وجهة نظر برشلونين على " برشلونة 5-1 ريال'],['outlook_rida']
['2018-10-28 23:37:16+00:00'],['انته قاصدها بس للاسف محدش يعرف يعملها ولا برشلونة الاهلي وبس'],['Khaled62541653']
['2018-10-28 23:36:46+00:00'],['#برشلونه_الريال #برشلونه #افضل_سناب_tpic.twitter.com/0GcOAgdU4z'],['0_marzog18']
['2018-10-28 23:36:35+00:00'],['انتهت المباريات الكبيرة في يوم الأحد تابعت أكثر المباريات في مباراة الكلاسيكو الأسباني وعرفت أن لوبتيغي مظلوم في الريال أين الصفقات يا بريز؟! وعرفت أن برشلونة ستسيطر علي أسبانيا هذا العام وهتذهب بعيدا في دوري الأبطال وبعد مباراة يونايتيد يبدو أن الأمور تستير مع مورنيو الي الصواب'],['AmrAtiaNassar']
['2018-10-28 23:36:32+00:00'],['ياريت تأخذ ثار الريال من برشلونة'],['Waleeed_RM']
['2018-10-28 23:36:26+00:00'],['": لاتبحثوا للأعذار لريال مدريد بسبب رحيل كريستيانو .. فالبارسا أهانه بدون ميسي #برشلونه_مدريد'],['L10mesi']
['2018-10-28 23:36:24+00:00'],['هههه خطرت عليا مباراه السعوديه وروسيا في كاس العالم بس اثبتت برشلونه انها فريق متكامل حتى في غياب احد اركانها ميسي #برشلونه_ريال_مدريد'],['Hadeelly2']
['2018-10-28 23:36:21+00:00'],['من افشخ الحاجات الل اتبعتتلي بعد الماتش #برشلونه_ريال_مدريدpic.twitter.com/3nAIVEggkv'],['M_Jenes18']
['2018-10-28 23:36:08+00:00'],['#خمن_واربح_مع_نارسس ٥/١ برشلونة'],['nany60327271']
['2018-10-28 23:36:06+00:00'],['ماأجهلها لكن قدام برشلونه يختفون هم وشخصيتهم..'],['sh6i_x']
['2018-10-28 23:35:57+00:00'],['الريال مسوين مصدوميين مو شي جديد ياماكلوها بكل العقود مبرووووك لكل عشاق البرشا #برشلونة_ريال_مدريدpic.twitter.com/lHGjOs0pKK'],['mash_281']
['2018-10-28 23:35:57+00:00'],['فوز برشلونه اليوم صنع يومي ، تصبحون على خير .'],['m7sn9_1']
['2018-10-28 23:35:57+00:00'],['علي وعليك ومبروك فوز برشلونه وروجر'],['LevelHeaded_']
['2018-10-28 23:35:54+00:00'],['#خمن_واربح_مع_نارسس 5/1 برشلونة'],['nany60327271']
['2018-10-28 23:35:46+00:00'],['اثبتوا حقا انكم لستوا فريق ميسي بل فريق برشلونة برشلونة بمن حضر كما اثبت فريق رونالدو انه فريق رونالدو\u200d'],['Abdallaahshendy']
['2018-10-28 23:35:42+00:00'],['ههههههههههه #برشلونه_ريال_مدريد'],['the24_9']
['2018-10-28 23:35:35+00:00'],['انا حزين و مافيش حاجة فرحتني انهاردة غير برشلونة'],['elmokaa']
['2018-10-28 23:35:32+00:00'],['ياخي ميتنك لميتين الريال لميتين برشلونه ع دين اسبانيا كلها ع دين التويتر وجعت دماغنا ي ابن الخول كلمنا كنا بنتفرج ع الماتش'],['Ahmedel87228889']
['2018-10-28 23:35:30+00:00'],['مشجعين مدريد فريقكم مع الآسف فاشل #برشلونه_ريال_مدريد'],['fa6oo0ooma95']
['2018-10-28 23:35:29+00:00'],['عاش من شافك بتتكلم عن برشلونه دلوقتي محدش سمع صوتك من زمان مبروك عليكو 3 بونت يا عم'],['Hussain27804236']
['2018-10-28 23:35:19+00:00'],|['برشلونة يسحق ريال مدريد , ويدق المسمار الأخير في نعش لوبيتيجي – في الملعب https://kora-sa.com/2018/10/29/%d8%a8%d8%b1%d8%b4%d9%84%d9%88%d9%86%d8%a9-%d9%8a%d8%b3%d8%ad%d9%82-%d8%b1%d9%8a%d8%a7%d9%84-%d9%85%d8%af%d8%b1%d9%8a%d8%af-%d9%88%d9%8a%d8%af%d9%82-%d8%a7%d9%84%d9%85%d8%b3%d9%85%d8%a7%d8%b1-%d8%a7/20664/ …pic.twitter.com/bZVdLGNb0H']|,['OstoraPlus']
['2018-10-28 23:34:50+00:00'],['برشلونة اصلا معاها كام دوري ابطال'],['HSayed74']
['2018-10-28 23:34:47+00:00'],['انا شامة ريحة برشلونة فالريبلاي ده!'],['raghadashraf9']
['2018-10-28 23:34:24+00:00'],['برشلونه بطل وراقي والاهلي يكفيه انه سيد الرقي.'],['ali__112233']
['2018-10-28 23:34:22+00:00'],['الحاجة الغريبة في الكلاسيكو دة انو مدرب برشلونة لعب خمسة مرات في الكلاسيكو و مدرب مدريد مرة وحدة ..'],['z3to0or']
['2018-10-28 23:34:13+00:00'],['المدريدي قبل الكلاسيكو: أنت يالبرشلوني تشوف برشلونه كله ميسي وماعندكم الا ميسي وتعتبرون ميسي الفريق كله. المدريدي بعد الكلاسيكو: وينك يارونالدو من بعدك مدريد ماله طعم وماراح اشجعه انا بشجع اليوفي.'],['BANDAR___Q8']
['2018-10-28 23:34:01+00:00'],['غلاف صحيفة : سبورت !الى الشارع! برشلونة يسجل نتيجة تاريخية اخرى في مرمى ريال مدريد و يتسبب بإقالة لوبيتيجي. قاد لويس سواريز فريق البلاوغرانا بتسجيله هاتريك في مباراة رائعة لفريق فالفيردي بأكمله. افتتح كوتينهو التسجيل، وأغلق أرتورو فيدال أول أهدافه مع البلاوغرانا. pic.twitter.com/kVuwkXck8P'],['zrhoni_mohamed']
['2018-10-28 23:33:53+00:00'],['فاز برشلونة على ريال مدريد بخمسة أهداف مقابل هدف'],['9Wy7TUQvbj99X2L']
['2018-10-28 23:33:52+00:00'],['٥ !!!! ومن برشلونه ومدربهم فالفيردي وبعد م كنا قريبين من التعادل صراحة جدا حزين اي والله'],['3bode_6']
['2018-10-28 23:33:44+00:00'],['ملخص كلاسكو برشلونة و ريال مدريد 28/10/2018: http://youtu.be/O0-5AjzwX4M?a عبر @YouTube'],['3Auditore']
['2018-10-28 23:33:26+00:00'],['استغفر الله الذي لا اله الا هو الحي القيوم واتوب اليه #برشلونه_ريال_مدريد'],['nawaf_alsahli2']
['2018-10-28 23:33:02+00:00'],['مافيش حاجة اتفرح غير برشلونه'],['Osa_M_Bb']
['2018-10-28 23:33:01+00:00'],['أخبار نادي برشلونة: فالفيردي: من المفيد جدًا ربح الكلاسيكو بهذه الطريقة المزيد من التفاصيل: http://90kora.com/news/721271'],['buzzkoranews']
['2018-10-28 23:32:58+00:00'],['وقبل كده عاملين فوتو شوب لفيديو وكاتبين عنوان "الريال يهين البارسا 8/صفر " وجايبين تجميعه أجوال للريال فى برشلونه واتفرج ياعم الريال كان حاطط عليكم'],['elfashekh55']
['2018-10-28 23:32:48+00:00'],['معلش يا ساره انا عارف انه يوم حزين جدا عليكي والله يكون في عونك ويجيلك نوم واخده خمسه من برشلونة وخسرانه بطوله أفريقيا لليد ومتعادله مع الوصل الإماراتي بشق الأنفس'],['abo_daeaf']
['2018-10-28 23:32:46+00:00'],['- ايه يا بتوع ريال مختفين من ع الساحه ؟ زمان كنت فاكر ريال كريستيانو و برشلونه ميسي اظن الدنيا وضحت دلوقتي ان برشلونه كعبها عالي'],['AhmedQadrey']
['2018-10-28 23:32:46+00:00'],['والله انتاا كذاب وبعدين انتاا واخدهاا من نحيه برشلونه لى م جايز مش عايز اتكلم معاك وبقفل كلام...'],['A7med_omar_11']
['2018-10-28 23:32:36+00:00'],['اللهم آتنا في الدنيا حسنه وفي الآخرة حسنه وقنا عذاب النار #برشلونه_ريال_مدريد'],['Marah9913']
['2018-10-28 23:32:26+00:00'],['#برشلونه_ريال_مدريد لا حول ولا قوة الا بالله .'],['nawaf_alsahli2']
['2018-10-28 23:32:22+00:00'],['#برشلونه_ريال_مدريد عجبتني جداpic.twitter.com/wQEvWmcuPW'],['SaifBash2']
['2018-10-28 23:32:20+00:00'],['صور.. تأهيل ركبة عموري في برشلونة قبل العملية الجراحية https://sa.gulfstadium.com/41877 pic.twitter.com/WaShgQ5kak'],['koora_saudi']
['2018-10-28 23:32:09+00:00'],['ملخص مباراة برشلونة وريال مدريد 5-1..في https://youtu.be/6nic5pqY-T8 عبر @YouTube حط سماعاتك ودندن بملخص بليلة الإجرام بحق وضيع العاصمة ، وقت ممتع يا كتلان #برشلونه_مدريد'],['abdullhm1']
['2018-10-28 23:32:04+00:00'],['اتليتكو بالحظ تعادلنا معهم في الاولمبيكو هزمونا في ارضهم تشيلسي تعادلنا معهم وهزمناهم في ارضنا ١٦ انهزمنا في شختار وبالحظ ومعجزه هزمناهم الاياب برشلونه هزمنا ذهاب والاياب مجهود لاعبين شفنا تكتيك دي فرا ولقمنا ٥ من الليفر الدوري مستوانا جدآ سيئ كاس ايطاليا طلعنا الجولة الاولى'],['NRSATF']
['2018-10-28 23:32:02+00:00'],|['AS || هي ليست الخُماسية الأولى ; ريال مدريد تعرض لـ وأكثر من برشلونة في مناسبات عديدة ; 1926 , 5-1 1935 , 5-0 1945 , 5-0 1950 , 7-2 1954 , 5-1 1957 , 6-1 1974 , 5-0 1994 , 5-0 2009 , 6-2 2010 , 5-0 2018 , 5-1 pic.twitter.com/hVWaVJzkfo']|,['abnalaaz71']
['2018-10-28 23:31:36+00:00'],['قريت عنه قبل انتقاله انه كسول ومايضغط وممكن تسبب له مشكلة مع فالفيردي .. لكن مع برشلونة يقاتل ويضغط وموجود بكل مكان بالملعب ماشاء الله عليه'],['welle_cule']
['2018-10-28 23:31:24+00:00'],['الريال مسوين مصدوميين شي جديد وهم ياماكلوها بكل العقود #برشلونة_ريال_مدريد'],['991nasnas']
['2018-10-28 23:31:23+00:00'],['صدقني الريال فريق كبير وعملاق الا قدام برشلونه يصبح كأنه نادي ضمك'],['sh6i_x']
['2018-10-28 23:31:17+00:00'],['محتاج تشوف أهداف محتاج تشوف بطولات محتاج تشوف متعة كروية الحل عندنا كل العليك انك تقدم لاختبارات رابطة برشلونة من يوم الأربعاء المقبل الساعة:٩:٠٠ صباحا و ينتهي التقديم يوم الخميس ٤:٠٠ عصرا و شكرًا تجدون الرابط بأسفل #خمسة_بدون_ميسي #برشلونه_ريال_مدريدpic.twitter.com/Dyfkbys4C5'],['3aZoOoZ_96']
['2018-10-28 23:31:15+00:00'],['توا اعرفت اعلاش جمهور ريال يفرح بي تعادل مع برشلونة 2-5-2009 كانت النتيجة 6-2 29-11-2010 كانت 5-0 10-11-2012 كانت 3-1 21-11-2015 كانت 4-0 23-11-2017 كانت 3-0 و اليوم 28-10-2018 كانت 5-1 #فيسكا_برشا #هلا_تحكيم'],['acsalem993']
['2018-10-28 23:30:53+00:00'],['سواريز تحصل على 5 فرص سجل هاتريك طبعاً ركلة الجزاء منهم بنزيما تحصل على 3 فرص ضيع الثلاثة بوقت كان الفريق راجع ذهنياً للمباراة وهدف واحد ممكن يهز برشلونة هز تكلم بمنطق يرحم والديك بنزيما كل مرة يقتل صحوة الفريق'],['Sir_3amed']
['2018-10-28 23:30:35+00:00'],['ههههههههههههههههههههههههههههههههههههههههههههههههههههههههههههههههه ماكو شي بس تذكرت الخمسه #برشلونه_ريال_مدريدpic.twitter.com/NRjZW38n87'],['R__404']
['2018-10-28 23:30:28+00:00'],['#برشلونه_ريال_مدريد سبحان الله وبحمده عدد خلقه ورضا نفسه وزنة عرشه ومداد كلماته .'],['nawaf_alsahli2']
['2018-10-28 23:30:05+00:00'],['#الدوري_الاسباني رسالة فيدال بعد خماسية برشلونة في ريال مدريد بالكلاسيكو https://goo.gl/qbyot4 pic.twitter.com/UveMWbmxP9'],['Btolat']
['2018-10-28 23:29:59+00:00'],['اخير اليوم كل الفريق كان رائع البدلاء و الاساسيين الا رافينها الي حرام فيه يلعب في فريق كبير مثل برشلونه'],['ziy97']
['2018-10-28 23:29:58+00:00'],['برشلونة ريال مدريد Summary of Barcelona vs Real Madrid 5-1 - Barcelona destroy the Royal five http://gslink.co/duhM'],['TAHRIISMAIL2']
['2018-10-28 23:29:50+00:00'],['اجمل هدف بالكلاسيكو ،، يا جماال رأسية سواريز مبروك للكوليز الـ بدون #برشلونه_ريال_مدريدpic.twitter.com/rico8RRupL'],['sheikh_1988']
['2018-10-28 23:29:48+00:00'],['سانتي نولا ( MD ): برشلونة طبق ضغط مثالي جدا على ريال مدريد في الشوط الأول . بدون ميسي يفتقد الشرارة في الهجوم لكن الفريق اكثر تنظيم و التزام في الشق الدفاعي pic.twitter.com/K62F7gyxGo'],['FCBW_A7']
['2018-10-28 23:29:42+00:00'],|['AS || هي ليست الخُماسية الأولى ; ريال مدريد تعرض لـ وأكثر من برشلونة في مناسبات عديدة ; 1926 , 5-1 1935 , 5-0 1945 , 5-0 1950 , 7-2 1954 , 5-1 1957 , 6-1 1974 , 5-0 1994 , 5-0 2009 , 6-2 2010 , 5-0 2018 , 5-1 pic.twitter.com/xKvUUK9Fg3']|,['FCBW_A7']
['2018-10-28 23:29:36+00:00'],['#برشلونه_ريال_مدريد مع الدون وميسي : 5-0 مع الدون بدون ميسي :4-0 مع الدون و ميسي : 3-0 بدون الدون و ميسي : 5-1 وين المشكله'],['alaser4']
['2018-10-28 23:29:35+00:00'],['للعلم فقط ان برشلونه اليوم دخل الشوط الاول بتشكيله خلت من اغلب الصفقات بستثناء فليب كونتيو و ليجنت اما الباقي تشكيلة لويس انريكي'],['ivan_barcelona6']
['2018-10-28 23:29:29+00:00'],['#برشلونه_ريال_مدريد مع الدون وميسي : 5-0 مع الدون بدون ميسي :4-0 مع الدون و ميسي : 3-0 بدون الدون و ميسي : 5-1 وين المشكله'],['alaser4']
['2018-10-28 23:29:07+00:00'],['Chelsea fans watch Cortua take five goals #برشلونه_الريالpic.twitter.com/fVk97u2foq'],['Esam___ab']
['2018-10-28 23:28:51+00:00'],['نفسي افهم شي ليش المدريديين حاطين اللوم انة كريس مو موجود عشان كدة انهزمنا ،، افهم من كدة انة من يوم ماجاكم جالسين تجلدونة ولا كيف #برشلونه_ريال_مدريد'],['meeedo9']
['2018-10-28 23:28:42+00:00'],['بعد الاحصائية الي درتها .... اتضح ان 90% من مشجعي نادي برشلونة الاسباني لا يفقهون في الكرة وخاشين عليها جديد'],['mohanedabdali']
['2018-10-28 23:28:39+00:00'],['نهاية المباراة بسحق برشلونة لريال مدريد بنتيجة 5-1 سجل الاهداف : لويس سواريز 3 اهداف ،فيليب كوتينهو هدف ،ارتورو فيدال هدف . pic.twitter.com/3nWNIHRAlf'],['mouhradio']
['2018-10-28 23:28:22+00:00'],['هاي زي "دي " عندنا يعني قصدها احلى برشلونة دي ولا ايه'],['DoaaArafat']
['2018-10-28 23:28:21+00:00'],['حين سألت المذيعة وزير خارجية سلطنة عمان لماذا استقبلت عُمان نتنياهو رد قائلاً: لماذا استقبلنا نتنياهو ؟ وهل هو محظور علية ؟! واكمل قائلاً دولة ( اسرائيل ) دولة من دول الشرق الاوسط ! اصبحنا نعترف بكل وقاحه وعلناً وبشكل رسمي بأن اسرائيل دولة ! #خاشقي #برشلونه_ريال_مدريد #عُمان'],['babalthkriat']
['2018-10-28 23:28:20+00:00'],['الكبير كبير اسمه الفريق الملكي ريال مدريد فريق العاصمة وليس فريق ضواحي مثل برشلونة'],['218_00005006']
['2018-10-28 23:28:18+00:00'],['كيف اليوم كلهم يشجعو في برشلونة'],['malamrony']
['2018-10-28 23:28:10+00:00'],['ليفربول نادي اخر في برشلونة انت من تتأقلم مع النادي لا النادي يتأقلم معك..'],['aliabualhassan_']
['2018-10-28 23:28:09+00:00'],['#برشلونه_ريال_مدريد من الفضاوة فيدال المحور يسجل الهدف الخامس.'],['ananajm1']
['2018-10-28 23:28:03+00:00'],['هنيئا لفريق برشلونة وحظ أوفر للريال'],['UFQ0JKGs0ca5wxw']
['2018-10-28 23:27:52+00:00'],['الموسم الماضي انت بعت صلاح هداف وصانع لعب الفريق وتوتي اعتزل وماعوضت احد فيهم. ثانيا كيف الابطال تعادلات وجهود لاعبين وانت متصدر مجموعتك وكل مبارياتك ماعدا واحده كلين شيت على ارضك وتفوقت على تشيلسي، اتليتكو و برشلونة وحتى الليفر في الإياب.'],['_Midz_']
['2018-10-28 23:27:48+00:00'],['#ارثور #برشلونه_ريال_مدريد مستقبل المتعة في كرة القدمpic.twitter.com/H6VtPG2Y0V'],['Abu_janna']
['2018-10-28 23:27:44+00:00'],['برشلونه ع طول كسبان اماا الريال بقاله 7 ماتشات كسب 1 واتعادل1 وخسر 5'],['A7med_omar_11']
['2018-10-28 23:27:28+00:00'],['لماذا انهار الريال وسر نجاح برشلونه ف غياب ميسي بعض الحلول ل تحسين اوضاع مدريد https://youtu.be/G70x0TTOwpw #الاهلي_وفاق_سطيفpic.twitter.com/cxcOoUCA7y'],['wassim_G8']
['2018-10-28 23:27:21+00:00'],['2010 +2018 #برشلونه_ريال_مدريدpic.twitter.com/3kAt5hokHy'],['salim_10s']
['2018-10-28 23:27:19+00:00'],['يعني افهم من كلامك ان التاريخ نحسبه من بداية متابعتك الكورة؟!!!! يالطيب اندية تجاوزت 100 عام تبي تلغي تاريخهم بسبب انك عرفت الكورة من سنتين؟!! معلومة: فريقك كان قبل وقت قريب يحلم بالمركز الرابع! خذ هالسؤال: منو حارس برشلونة قبل فالديز؟! بشرط لاتروح جوجل!!'],['to2non']
['2018-10-28 23:27:18+00:00'],['المباراة القادمة ... كولتورال ديبورتيفا ليونيسا برشلونة كأس ملك إسبانيا الاربعاء ...31-10-2018 الساعة : 10:30 مساءا دور الـ 32 الملعب : رينو دي ليون الحكم : لم يحدد بعد المعلق : لم يحدد بعد القناة الناقلة : beIN SPORTS HD مباراة ذهاب بالتوفيق للبارسا pic.twitter.com/5nc6M8kEzQ'],['palfcbarcelona']
['2018-10-28 23:26:57+00:00'],['ملخص الكلاسيكو أهداف مباراة برشلونة و ريال مدريد 5 1 ثلاثية سواريز:'],['fyIAKZWsBYmGu1M']
['2018-10-28 23:26:48+00:00'],['#برشلونه_ريال_مدريد حفلااااااااااااااااااااااااااااااااااااه برشلونه5 / ريال مدريد1.. إغتصاب وصدارة هع كلاسيكو تاريخي للذكرى pic.twitter.com/NHnJp5iojk'],['A_Elkassapy']
['2018-10-28 23:26:37+00:00'],['#ريال_مدريد هذا اسمه الفريق الملكي ريال مدريد فريق العاصمة مدريد وليس فريق ضواحي مثل برشلونة سيرجع الريال #ريال مدريد'],['218_00005006']
['2018-10-28 23:26:20+00:00'],['ملخص مباراة برشلونة وريال مدريد 5-1..في غياب ميسي سواريز فشخ راموس https://youtu.be/6nic5pqY-T8 عبر @YouTube'],['A2020Ha']
['2018-10-28 23:26:12+00:00'],|['SPORT || الى الشارع !! - برشلونة يسجل نتيجة تاريخية اخرى في مرمى ريال مدريد و يتسبب بإقالة لوبيتيجي pic.twitter.com/BiOivMsRyM']|,['FCBW_A7']
['2018-10-28 23:25:56+00:00'],['خسرنا ٥ ؟ من برشلونة فالفيردي؟ كسمكم الله ياخدكم واحد واحد'],['JODE_MADNS']
['2018-10-28 23:25:56+00:00'],['في عهد كريستيانو رونالدو كان في كل دور من دوري أبطال أوروبا يشجع انصار برشلونة فريقاً جديداً'],['Omarbakriahmed']
['2018-10-28 23:25:50+00:00'],['الشخص الي عاليمين نسى زيدان يوم يدعس برشلونة'],['sultan3179']
['2018-10-28 23:25:50+00:00'],['5 #برشلونه_ريال_مدريد'],['rfrf187']
['2018-10-28 23:25:36+00:00'],['بليفربول كانو عاطينو كامل الحرية بالتحرك وين مابدو يلعب عكس برشلونة حاليا وفوق هالشي يوم ماغاب ميسي وكان يقدر يتحرك مثل مابدو دخلولو رافينيها ورجعت انحجزت حريتو'],['barca_8A']
['2018-10-28 23:25:24+00:00'],['فريقي الوطني برشلونة ولا وطن لي غيره'],['AliHouariOffici']
['2018-10-28 23:25:13+00:00'],['ولك ان تتخيل ان برشلونة خلصت الجدول دا من غير خسارة فيسكا برسا pic.twitter.com/Va5RKJGiID'],['feweela']
['2018-10-28 23:25:08+00:00'],['#برشلونه_الريالpic.twitter.com/0DyPtUfMah'],['NoraSAlmarri']
['2018-10-28 23:24:59+00:00'],['فوز برشلونة بخمسه وبكجين ساني شهالليلة'],['friiidr']
['2018-10-28 23:24:56+00:00'],['كان موجود قائد في الدكه وقائد في الملعب .. وقتهم كنا تاركين الدوري اخر اهتماماتنا .. كان تفكيرنا كيف نهترك اوروبا ونخليها تخضع لسيدها غصب .. راح الزين ومارد .. #برشلونه_ريال_مدريدpic.twitter.com/nXpepAQeEK'],['One1Saad']
['2018-10-28 23:24:50+00:00'],['اعذريني يوم زفافك مقدرتش افرح زيهم #ElClasico #برشلونه_مدريدhttps://twitter.com/inotme93/status/1056687685283340289 …'],['aymanahmed__']
['2018-10-28 23:24:41+00:00'],['أجمل حاجه حصلت النهارده هي فوز برشلونة على الريال بخماسية رائعة مع الرأفه برغم أن الساحر ميسي لم يلعب الماتش فيما عدا ذلك كان اليوم مملاً كالعادة pic.twitter.com/Ayt4kw46kt'],['Mikhaelmalak1']
['2018-10-28 23:24:27+00:00'],['برشلونه دافعين حق الحكم'],['Alotaibi84x']
['2018-10-28 23:24:20+00:00'],['المفروض ينشف بقي واحد متروق من سيسكا موسكو و اشبيليه المفروض اتعود بقي عالاقل دي برشلونه يعني'],['ElabaserY219']
['2018-10-28 23:24:12+00:00'],['بدأنا النهيق بقي، فرقة كلها بنت متناكة و مفيش مدرب و مفيش خطة و مفيش اي حاجة و نمسك في مودريتش طبعًا اللي حاطط زبه في طيز كل جماهير برشلونة عشان عمل اللي الثلاثي الأسطوري معرفش يعمله هههه، كان فين بقي ميسي و انتم بتتناكوا من روما و قبلها يوڤينتوس و قبلها اتليتكو في ربع النهائي ؟ https://twitter.com/FCBW_A7/status/1056611647865974785 …'],['MoatazElprince1']
['2018-10-28 23:24:08+00:00'],['حنا اصلاً بدون ميسي جبنا خمسه شلون لو ماهو مصاب كم تتوقعون النتيجة اما الريال يصيحون ذهب الصعب وليته موجود. يعني بقي @hsab_khere يبي يشوكهاً #برشلونه_ريال_مدريد'],['sahoodshmr']
['2018-10-28 23:23:59+00:00'],['برشلونه يابتوع المدارس #ذاكرواكويس'],['mohagazali']
['2018-10-28 23:23:45+00:00'],['من أسعد أيّام حياتي، شكراً برشلونة'],['MeabedAtallah']
['2018-10-28 23:23:44+00:00'],['ملخص مباراة برشلونة و الريال pic.twitter.com/6L3F2utPYs'],['FirasAboHussei2']
['2018-10-28 23:23:38+00:00'],['من الطبيعي الكل يشمت في فريق كان منيم اوربا من المغرب هلا مدريد #برشلونه_ريال_مدريد'],['7usamsalem']
['2018-10-28 23:23:36+00:00'],['#برشلونه_ريال_مدريد فيدال وفيدال كلهم سجلو بعد دخولهم ب 3 دقايقpic.twitter.com/HlWu6J5dqT'],['ali_almansari']
['2018-10-28 23:22:56+00:00'],['المدريدي اخذ هذا التصريح كـ فخر ولكن فالحقيقه هذه العقليه هي من تجعل لاعبين برشلونه يدخلون الكلاسيكو وكأنها حرب حتى لو كان هناك خلاف في غرفة الملابس او مع المدرب او اي ظرف من الظروف https://twitter.com/RM4Arab/status/1056651405270941697 …'],['Fheedalsahli']
['2018-10-28 23:22:48+00:00'],['#برشلونه_ريال_مدريد اهداء لكل برشلوني جاهل في تاريخ الكلاسيكوpic.twitter.com/jVo9mN5oky'],['mushari7070']
['2018-10-28 23:22:47+00:00'],['بصراحة كنت جاى اتفرج على الكلاسيكو بين برشلونة و ريال مدريد شكله اتأجل اصل لقيت برشلونة بيلعب قدام السنبلاوين #خمسة_علينا #الكلاسيكو'],['MinaMag44840083']
['2018-10-28 23:22:32+00:00'],['يسطا دي من الثوابت انك قليل لما تكسب كلاسيكو زي ما الاهلي ببقي نازل كاسب الزمالك برشلونه بتبقي نازله تهين الريال'],['SalahZscFcB']
['2018-10-28 23:22:14+00:00'],['السلام عليكم طويل العمر عندي بنتي تتعالج في اسبانيا في برشلونه من 6/8/2018 وشيوخ ماقصرو ولاكن ماستفادت شي من العلاج في برشلونه وماعطوها ولا شي الى ابرة تطعيم وبنتي ماستفادة وهي تعاني من مرض اسمه الدي جورج وصمام ضيق وعندها قلتت التغذيه وتعاني من مشاكل اخراء واريد تغير البلد'],['gyEk5AG8Q5nUSfe']
['2018-10-28 23:21:41+00:00'],['اجمل وصف سمعته ب الأمس برشلونه في الملعب كان ١١ ميسي #برشلونه_ريال_مدريد'],['fcbarcelona_200']
['2018-10-28 23:21:37+00:00'],['بعيدا عن الحياه الروتينيه اللي بقينا فيها دي نتكلم شويه عن اسبوع السعاده ده والله فوز االزمالك ع الاتحاد وفوز برشلونه وبعديها فوز الزمالك ببطوله اليد والمصحف لو بحلم مش هيبقي بالسيناريو ده'],['mohamedmohsen_8']
['2018-10-28 23:21:35+00:00'],['هذا فريقك وتبي تحقق بطولات اشرب بس #ريال_مدريد_برشلونه pic.twitter.com/nf50lq0d2X'],['Mourinho__one']
['2018-10-28 23:21:30+00:00'],['المدريدي شلون يقدر ينام الحين #برشلونه_ريال_مدريد'],['moha_ahmed89']
['2018-10-28 23:21:28+00:00'],['فريق الموضه برشلونة'],['Saudkuwaiti']
['2018-10-28 23:21:26+00:00'],['تكره الدنيا وتزهجك تجي ترضينا برشلونه'],['wdglloom']
['2018-10-28 23:21:24+00:00'],['قبل النوم #برشلونه_ريال_مدريدpic.twitter.com/Ebrn5psiHd'],['faisal10_09']
['2018-10-28 23:21:22+00:00'],['مغلوبين في اليد ومتعادلين بطلوع الروح مع الوصل وبيحكوا فى برشلونه نادي غريب .'],['m_motab']
['2018-10-28 23:21:11+00:00'],['اكو ناس بخير و بعالم غير واكو ناس ال5 خسارتها #برشلونه_ريال_مدريدpic.twitter.com/4yQXBcOS0S'],['Joreb11']
['2018-10-28 23:21:11+00:00'],['تسلو معنا بالحديث كلمونا ماعليه المره الجايه انشالله تكون اكثر الاهداف اليوم ترا يتسلون هي برشلونه يالله وين البرشلونيه اقوى ريتويت pic.twitter.com/HUjMByCaxc'],['a7mad___83']
['2018-10-28 23:21:10+00:00'],['#برشلونه_الريال ريال مدريد الاسباني ونادي الاتحاد السعودي صابتهم عين هههههههه مبروك للبرشا حبيب قلبي'],['rashdywsf4']
['2018-10-28 23:21:08+00:00'],['ريال مدريد والله صارلي فتره مو ضحك شكرا لان ضحكتوني عليكم #برشلونه_ريال_مدريد'],['Ofhnam']
['2018-10-28 23:20:36+00:00'],['سواريز بعد الهاتريك #برشلونه_ريال_مدريدpic.twitter.com/MYtvAJfVvT'],['ihmza_abushaqab']
['2018-10-28 23:20:29+00:00'],['#الاهلي_وفاق_سطيف برشلونة مع ميسي فاز 5 وبدون ميسي فاز 5 مدريد مع كريستيانو خسر 5 وبدون كريستيانو خسر 5'],['9090hk']
['2018-10-28 23:20:01+00:00'],['ليلة سقوط #ريال_مدريد.. 9 أرقام جديدة تحققت https://bit.ly/2D9GwoL #برشلونه_مدريدpic.twitter.com/cDcBE7XQqb'],['naharkw']
['2018-10-28 23:19:59+00:00'],['هل تعلم ؟ أن الأسطورة الدانماركي لاودروب فاز مع برشلونة على الريال بخماسية و فاز مع الريال على برشلونة بخماسية أيضا pic.twitter.com/iNtQwJSLCy'],['Sway4sport']
['2018-10-28 23:19:45+00:00'],['صحيفة ماركا المدريدية تقولها علانية: ريال مدريد في أزمة حقيقية الآن .. ليس بسبب الهزيمة الكبيرة فقط ولكن لأنهم في الحقيقة أقرب إلى الهبوط منهم إلى برشلونة صاحب الصدارة. pic.twitter.com/oTEfdV570a'],['BatainehFandi']
['2018-10-28 23:19:35+00:00'],['تمنيت ان الحارس ريفاس نبي نشرمة شرم بس محظوظ البرسا مايرحم الحقيقة #برشلونه_ريال_مدريد'],['sahoodshmr']
['2018-10-28 23:19:32+00:00'],['تشكيلة فريق ريال مدريد المحتملة في الكلاسيكو ضد برشلونة بقيادة الويلزي غاريث بيل https://barcelonabelarabi.info/?p=1225 pic.twitter.com/YicmIVpFiN'],['asdaalwatan']
['2018-10-28 23:19:31+00:00'],['راموس مدافع كبير ضد جميع الانديه لكن امام برشلونه كانه مدافع مبتدا جدا .. ولا عمري شفت راموس قدام برشلونه ممتاز دايما نجلات وهفوات بالجمله واكبر مثال مباراه اليوم'],['7amnyalshmry']
['2018-10-28 23:19:25+00:00'],['برشلونة سجل الآن في 22 مباراة متتالية في كلاسيكو في جميع المسابقات ، يعادل الرقم ريال مدريد بين عامي 1959 و 1969. pic.twitter.com/8ku9sbt3rI'],['Sway4sport']
['2018-10-28 23:19:23+00:00'],['حلوة منك يا شريف .. خود هي كمان : العربية عاجل : ريال مدريد يقول بأن برشلونة قد خرج من البطولة ... https://twitter.com/sharifhejazi/status/1056597388561969155?s=21 …'],['alaaboyousef']
['2018-10-28 23:18:57+00:00'],['مش واحد ولا اثنيين او ثلاثه 5 واعره #برشلونه_ريال_مدريد'],['DHwKb9zHuiEs1gF']
['2018-10-28 23:18:37+00:00'],['الكلاسيكو برشلونة و ريال مدريد I احصائيات و ارقام رهيبة في مباريات الكل... https://youtu.be/-DxEj3ShtGA via @YouTube'],['anlm111']
['2018-10-28 23:18:36+00:00'],['اللي ما يعرف لكرة القدم يشجع ريال مدريد او برشلونة'],['Saudkuwaiti']
['2018-10-28 23:18:29+00:00'],['يوم جميل برشلونه بتكسب وتحط عل رياال اليد بيحطوا عل الحمره وبياخدوا البطوله كالعاده'],['Mark17670229']
['2018-10-28 23:18:29+00:00'],['نقاط يجب التحذير منها: ١-عدم زيادة السرعة فوق ٨٠/كيلومتربالساعه ٢-استغلال الشوارع الفاضية ٣-الابتعاد عن أماكن الاستهتار ٤-تجنب برك المياه على حواف الطريق ٥-برشلونه :١-ريال مدريد #برشلونه_ريال_مدريد'],['hm___191']
['2018-10-28 23:18:26+00:00'],['#برشلونه_ريال_مدريد - الا ليت الزمان يعود يوماً pic.twitter.com/lY8b7IXGar'],['Albara_alhammad']
['2018-10-28 23:18:21+00:00'],['زي الابطال بالضبط سنة للريال و الاتنين اللي بعدها للريال برده و برشلونة آخرها روما و ربع النهائي'],['MohameDtafeh98']
['2018-10-28 23:18:20+00:00'],['حلقة تحفة يا هاني بجد اجمل حاجة انك بتعدل يعني اتكلمت علي الريال و علي برشلونة علشان ترضي جميع الاطراف @HHathout #هاني_حتحوت #حتحوت #الماتش'],['boghdady_rania']
['2018-10-28 23:18:09+00:00'],['الريال بحاجة الى تجديد عناصره خاصة في الوسط والهجوم ..! بعضهم افلس وبعضهم أخذ اكبر من حجمه ..! #برشلونه_ريال_مدريد'],['One1Saad']
['2018-10-28 23:18:05+00:00'],['النني جاب جون في برشلونة فيروز احسن لاعب في الهخه بتاعتكم تقريبا معملتهاش'],['amrov21']
['2018-10-28 23:17:56+00:00'],['كرستيانو غيابه مؤثر اكيد لكن انت عندك افضل لاعب وحارس ودفاع ووسط ف العالم ( حسب الفيفا ) كيف تخسر 5 حنا ميسي غاب اللي هو ادواره ف برشلونة اقوى من ادوار كرس ف مدريد وقدرنا نعطيكم ٤ - ٥ ف انا اشوف السبب يرجع دايم لشخصية البرشا دايم تتفوق ع مدريد مهما كانت الظروف #وجهة_نظر'],['Hmto24997641']
['2018-10-28 23:17:51+00:00'],['لو دمبلي وفيدال نازلين من بداية الشوط الثاني كان نتيجه تكتب بالتاريخ #برشلونه_ريال_مدريد'],['sahoodshmr']
['2018-10-28 23:17:47+00:00'],['شجع برشلونه احسن يا هيما'],['Osama62893640']
['2018-10-28 23:17:33+00:00'],['سيبه يا كريستيانو يعتمد علي نفسه #الكلاسيكو #ElClásico #ForçaBarça #برشلونة_ريال_مدريدpic.twitter.com/XjbvAggfLj'],['hobaaa_magdy']
['2018-10-28 23:17:27+00:00'],['بعد ما خسرنا ضد برشلونه pic.twitter.com/ANCke6QE1z'],['madrid_goal1']
['2018-10-28 23:17:10+00:00'],['#برشلونه_الريالpic.twitter.com/FRtvrhhqX4'],['masadalghassla1']
['2018-10-28 23:17:06+00:00'],['#برشلونه_ريال_مدريد pic.twitter.com/jDfHACk4Tu'],['abda11h55']
['2018-10-28 23:17:04+00:00'],['ليش أحبك و #برشلونة موجود pic.twitter.com/vuAqQmmZwn'],['somarjaje']
['2018-10-28 23:16:59+00:00'],['جميع البرازيليين الذين سجلوا مع برشلونة في #الكلاسيكو (بالترتيب): > ايفاريستو > روماريو > رونالدو > جيوفاني > ريفالدو > أندرسون > رونالدينيو > داني ألفيس > نيمار > كوتينهوpic.twitter.com/rL8kLL2zsx'],['Sway4sport']
['2018-10-28 23:16:54+00:00'],['مدرب ممتاز لكن انتو ما عندكم مهاجمين تركنون عليهم واقرب مثال شوف شنو كان يسوي مع المنتخب وهالمدرب لو كان مع برشلونه كان راح يعمل عمايل سوداء'],['BinMoham3d']
['2018-10-28 23:16:53+00:00'],['عشان تعرفوا الراجل دا مابشبه برشلونة لأي درجة https://twitter.com/FCBW_A7/status/1056599611052355590 …'],['yass22_']
['2018-10-28 23:16:42+00:00'],['#برشلونه_ريال_مدريد أفضل باك شمال حالياً وعدم استدعاؤك للمنتخب ظلم كبير pic.twitter.com/c0TPAxZWDR'],['abdoviic']
['2018-10-28 23:16:05+00:00'],['#برشلونه_ريال_مدريد المدريدي لا تسوي نفسك مستغرب،ترا متعودينpic.twitter.com/WQHcGH4kCZ'],['Ahmed35797']
['2018-10-28 23:16:04+00:00'],['#برشلونه_ريال_مدريد أول غيابك قلت مابي خلاف ...واليوم شف حالي غيابك تلفها ...نعم تذكرت الزمان اللذي طاف ...غديت مثل اللي عيونه طرفها .pic.twitter.com/nkwP53e8XT'],['E7Va5']
['2018-10-28 23:15:55+00:00'],['مبروك برشا بكل روح رياضية #برشلونه_ريال_مدريد'],['Laila_drbas']
['2018-10-28 23:15:51+00:00'],|['#ون_تو || نكبة مدريدية جديدة.. بخماسية برشلونية المذيع: الزميل مشاري الخزيم https://youtu.be/iIW74_yoId0 الرواد: فرج لهيب - ناصر العمران - عبدالله أشكناني - محمد سهيل #برشلونه_ريال_مدريد .. #ElClasico .. #كلاسيكو_الارضpic.twitter.com/LQcBuG4g5u']|,['atvkw']
['2018-10-28 23:15:51+00:00'],['سيد : #برشلونة يقسو على #ريال_مدريد بخماسيةhttp://www.dawriyah.com/newsdetails.aspx?id=12677748 …'],['ragami2']
['2018-10-28 23:15:51+00:00'],|['Let us leave mi amigo, Perez’s house is about to fall down ! لنرحل يا صديقي من بيت بيريز الآيل للسقوط! #RealmadridvsBarcelona #RealMadridfc #ريال_مدريد #ريال_مدريد_برشلونه pic.twitter.com/beC0qnZvKO']|,['AbdulmohsinH']
['2018-10-28 23:15:50+00:00'],['٢-٣ برشلونه'],['imnobobby951']
['2018-10-28 23:15:46+00:00'],['غابت الاسود #برشلونه_ريال_مدريدpic.twitter.com/hhfm8mLgRf'],['mosherifovic']
['2018-10-28 23:15:45+00:00'],['وبالعكس قبولك تيشرت برشلونه مايقلل منك هذل يدل على روحك الرياضيه والمباريات فوز وخساره ولاتخلي مشجعين غير الانديه الاسبانيه يتدخلون بينا مهما كان'],['al3nzeiq8i']
['2018-10-28 23:15:33+00:00'],['#برشلونه_ريال_مدريد فيسكا برساpic.twitter.com/leXdKeqB7M'],['abdoviic']
['2018-10-28 23:15:23+00:00'],['كلين9 بمستخلص الصبار الطبيعي ١٠٠٪ منتج تشهد له التجارب لا يحتوي هذا المنتج على اي مواد كيماويه ولا يسبب اي عوارض جانبيه ولا يتعارض مع اي مرض ولا يمنعك من الطعامكلين 9: ان مجموعة كلين 9 الجديدة والمحسنة للطلب والاستفسار التواصل خاص #برشلونه_ريال_مدريدpic.twitter.com/QJVirSbdxQ'],['yKIqHiZsJgPJNap']
['2018-10-28 23:15:18+00:00'],['@realmadridarab #الكلاسيكو #ElClásico #ForçaBarça #برشلونة_ريال_مدريد pic.twitter.com/brJPCUGA4W'],['hobaaa_magdy']
['2018-10-28 23:15:18+00:00'],['اووووووله برشلونه فاز ٥'],['Mutairi67i']
['2018-10-28 23:15:17+00:00'],['#برشلونه_ريال_مدريدpic.twitter.com/ROVWTPKGhS'],['engii8ii']
['2018-10-28 23:15:14+00:00'],['جدول الدوري الإسباني #ريال_مدريد في المركز التاسع بفارق 7 نقاط عن المتصدر #برشلونة pic.twitter.com/Lxb9hhtmBm'],['goooolmx']
['2018-10-28 23:15:13+00:00'],['بقالنا 3 مواسم مرة 4 ومرة 3 ومرة 5 الواحد زهق #الكلاسيكو #ElClásico #ForçaBarça #برشلونة_ريال_مدريد'],['hobaaa_magdy']
['2018-10-28 23:15:05+00:00'],['ولدي الصغير عمره 3،5 بيدش الروضه للحين برشلونه ماتعدا دور 8'],['Faleh1981']
['2018-10-28 23:14:52+00:00'],['يلا ربع ساعه ضايل مين بتشجعوب الكلاسيكو ؟ ١. ريال مدريد ٢. برشلونه — https://lap78.ask.fm/igoto/45DKECPW7B667HQMHN2IG6NM6KDDLKIISH5KXCN6BX62BYFIRBZZOZSIFBG4ARZ2KGZPYGKEA4YFKEQPY43OA7PQPXYJZAR4WADRBPSOBVOTSMP6GWOCQ27RTGTO7XSURD2YCHA63XFWDHGDLCBQM43A6HAGR4EUY3LAP6TNWK2OEUUDLFOUVQHX5FR2P3XGTIUKEOQF7U====== …'],['mohdrsh']
['2018-10-28 23:14:40+00:00'],|['مش بس برشلونة وحياتك حتى الافيس اهان الريال , الان نحن بالمركز ال 9']|,['MohmAlm1000']
['2018-10-28 23:14:24+00:00'],['عشان تعرف يوم اقولك ولا عمري خفت من مدريد نادي كبير امام الكل الا امام برشلونه يصبح كالدجاجه .. pic.twitter.com/Lg5D1L5P6w'],['7amnyalshmry']
['2018-10-28 23:14:22+00:00'],['الكلاسيكو برشلونة و ريال مدريد I احصائيات و ارقام رهيبة في مباريات الكلاسيكو:'],['anlm111']
['2018-10-28 23:14:20+00:00'],['#متعصب_هلالي_يقود_المسابقات #برشلونه_الريال برشا ححررااااققpic.twitter.com/0lKXnKDSST'],['Mzlzl590']
['2018-10-28 23:14:19+00:00'],['يوم لتاريخ يا برسا #برشلونه_مدريد'],['tt1nt']
['2018-10-28 23:14:13+00:00'],['يا سهيل اللعنه حلت علي العار ريال مدريد بعد ما تعمد القذر راموس باصابة محمد صلاح لكي يجلب لفريقه البطولة ريال مدريد راح يرجع لوضعه الطبيعي حده دور ال١٦ دوري الابطال واللي ما يعرف لكرة القدم يشجع برشلونه او ريال مدريد'],['Saudkuwaiti']
['2018-10-28 23:14:13+00:00'],['برشلونه pic.twitter.com/w7mwBMsvOf'],['alhblie']
['2018-10-28 23:14:11+00:00'],['ابن خالي كان بيتفرج معايا علي الكلاسيكو وكان جاي بتيشرت الريال ولما الريال كانت خسرانة 2/0 قالي خبي علم الريال ولما الشوط خلص راح غير التيشرت ولبس تيشرت برشلونة وقعد يتحظ علياا pic.twitter.com/WynAjMLIUy'],['Ramadan35174024']
['2018-10-28 23:13:52+00:00'],['لا اصلا هيا باينه وفايزين فيها برشلونه قبل ما تبدى . راهو خيك قنوع ومش متعصب .'],['_wehaa_alfakhri']
['2018-10-28 23:13:42+00:00'],['جيفرين سواريز ( برشلونة سابقا ): احب تذكر هدفي الخامس على ريال مدريد ، هو افضل هدف سجلته في كل مسيرتي . pic.twitter.com/beHccO5F2F'],['FCBW_A7']
['2018-10-28 23:13:22+00:00'],['برشلونة كانوا مركزين واللحظة اللي فقدوا فيها التركيز خشلهم الهدف'],['ettehad3596']
['2018-10-28 23:13:21+00:00'],['برشلونه فاز'],['Piqmm']
['2018-10-28 23:13:07+00:00'],['عند بداية الشوط الثاني وإحراز ريال لهدفها الوحيد يعلق الشوالي بأنهم لا بد قد تلقوا مكالمة من الملك الأسباني.. لو صبر قليلا #برشلونه_ريال_مدريد'],['ghraneek']
['2018-10-28 23:12:59+00:00'],['هذا نفس الهدف وعلى نفس الفريق #ريال_مدريد_برشلونه pic.twitter.com/Sxi3WR27Q5'],['nayefeng']
['2018-10-28 23:12:54+00:00'],['للاسف بنزيما نكد عليا زي ما نكد على جماهير ريال مدريد مسابقة توقعات لنتيجة الماتش واللي هيتوقع صح هيكسب سويت شيرت برشلونة بس للاسف بنزيما معرفش يحط جون يكسبني بيه حسبي الله ونعم الوكيل pic.twitter.com/ETtNoKNia0'],['kareemkelani']
['2018-10-28 23:12:48+00:00'],|['ردة فعلي على لقاء الكلاسيكو برشلونة ريال مدريد ||أين إختفوا ؟ https://youtu.be/hGOrubbvs3s عبر @YouTube']|,['leo10messi1889']
['2018-10-28 23:12:23+00:00'],['الأهداف التي تلقاها تيبو كورتوا خلال 8 مباريات لعبها مع ريال مدريد: (1) أمام ليجانيس (1) أمام أتليتك بلباو (0) أمام إسبانيول (3) أمام إشبيلية (0) أمام أتليتكو مدريد (1) أمام ديبورتيفو الافيس (2) أمام ليفانتي (5) أمام برشلونة pic.twitter.com/7aTRMdmcrD'],['Sway4sport']
['2018-10-28 23:12:20+00:00'],['شكرا عزيزي المدريدي هل اقتنعت الآن بأن البرشا ليست ميسي فقط؟؟؟ هل اقتنعتم الآن بأن رونالدو هو الريال بأكمله؟؟ ل أصحاب العقول النيرة #فيسكا_كتالونيا #فيسكا_البرشا ريال مدريد مع كريستيانو: "يخسر 5 من برشلونه" ريال مدريد بدون كريستيانو: "يخسر 5 من برشلونه" pic.twitter.com/h2uCe4wPEp'],['AlgamRex']
['2018-10-28 23:12:20+00:00'],['اي فريق يدخل الشوط الثاني وهو خاسر لا بد تكون له ردة فعل حتى لو ليفانتي او هويسكا فكيف الكلاسيكو ؟؟ صحيح الريال قدم 20 دقيقة سجل هدف واضاع فرص ولكن هذا لا يقلل من فوز #برشلونة بالخماسية او انها لا تعكس سير المباراة ولا ننسى ان البرسا كان يستحق اكثر من هدفين في الشوط الاول !!!!'],['barca_is_enough']
['2018-10-28 23:12:18+00:00'],['لا ي علي الدوري مهو مثل الابطال الانديه تحلم بالمشاركه وتحقيق بطوله واحده عكس الدوري و برشلونه جدد دماء لاعبيه عكس ريال مدريد'],['kgu47']
['2018-10-28 23:12:14+00:00'],['I liked a @YouTube video http://youtu.be/8qO_vPbVPdA?a برشلونة يسحق ريال مدريد .. كيف انهار الملكي؟'],['alpahare']
['2018-10-28 23:12:09+00:00'],['لاهو الي كسم الضحك بجد ان ليا واحد صاحبي بيقولي برشلونة مملة'],['el_shorbagyy']
['2018-10-28 23:11:57+00:00'],['لمن فاته برشلونة ٥ - ١ ريال مدريد اهداف اللقاء https://twitter.com/FGoal00/status/1056593415020908546/video/1 …'],['ahdaf123']
['2018-10-28 23:11:49+00:00'],['بتحصل كتير اظن حصلت قبل كده ٥ كانت ليكم برضه ، بس لو جينا نحصد هنلاقي كميه البطولات اللي عملها رونالدو مع الفريق ممكن تساوي عدد بطولات برشلونة نفسها ، ف تقريبا مفيش مقارنه طبعا مش فاكره الخماسيه ولما برضه خطفنا السوبر + السداسية البيضاء وده ف ٩٩ متوعيش على ده'],['Mohamed04442412']
['2018-10-28 23:11:45+00:00'],['اهلاوي يتابع برشلونة وريال مدريد يقول منتظر يجي السادس عشان اكتب شهر يسقط فيه الملوك #الاهلي_وفاق_سطيف'],['mbc_fm7']
['2018-10-28 23:11:33+00:00'],['#برشلونه_ريال_مدريد هههههههه 5 عاد وش صاير ياناس'],['a5a55aa']
['2018-10-28 23:11:31+00:00'],['@realmadridarab #الكلاسيكو #ElClásico #ForçaBarça #برشلونة_ريال_مدريدpic.twitter.com/H5Irjr14Vp'],['hobaaa_magdy']
['2018-10-28 23:11:17+00:00'],['#برشلونه_ريال_مدريد Hipic.twitter.com/52OteTGQJ5'],['hony_86']
['2018-10-28 23:11:14+00:00'],['من 2014 برشلونه أشترى كميه كبيره من اللاعبين وبعض اللاعبين ماجتهم فرصه للعب المنتظم وأغلب اللاعبين اللي أشتراهم متمرسين وأساسيين في أنديتهم من غير اللاعبين السوبر ومن غير اللي يملكهم وبيريز يشتري أطفال ويبيع نجوم .. #برشلونه_ريال_مدريد'],['pzL3oZXLjQsOyru']
['2018-10-28 23:11:11+00:00'],['#برشلونه_ريال_مدريد pic.twitter.com/zF0bXbXYVo'],['hony_86']
['2018-10-28 23:11:11+00:00'],['#ElClasico #CampNou #ForçaBarça #برشلونه_مدريد #برشلونه_ريال_مدريدhttps://twitter.com/fcbarcelona_ara/status/1056607581349822467 …'],['iBelalAbdallah']
['2018-10-28 23:11:07+00:00'],['#برشلونه_ريال_مدريد الرد الناري . للسفاح لويز سواريز .. على جموع المدريديستا ...pic.twitter.com/bfcOaSJNtW'],['tarif_506']
['2018-10-28 23:11:05+00:00'],['أرسل لنا مقاطع المباريات هذي نبي نستمتع بالأهداف زي برشلونة'],['AbuuuHo']
['2018-10-28 23:10:55+00:00'],['مش عودنا يسجل بالطريق هاذي #برشلونه_ريال_مدريدpic.twitter.com/k8ddrmtDrf'],['nayefeng']
['2018-10-28 23:10:52+00:00'],['#برشلونه_ريال_مدريد مادري وش اقول بس جد جد كرهته نفسي بكره وش يفكني من البرشليون ٥طارت الخمسه'],['aehh2017']
['2018-10-28 23:10:48+00:00'],['هاردلي ليه انا مو مدريدي انا رونالدي وين مايروح اسطورتي انا معاه فرحتي بخساره مدريد اجمل وفوز برشلونه من غير ميسي اكثر جمال'],['expreso_q8']
['2018-10-28 23:10:38+00:00'],['لا انسي دا علق دا ممكن برشلونه تتغلب كمان'],['Ahmedvander5']
['2018-10-28 23:10:36+00:00'],['نومكم سواريز مبجر اليوم #برشلونه_ريال_مدريد'],['Alobaidli1234']
['2018-10-28 23:10:31+00:00'],['مانشجعش ف الريال انا راهو نشجع ف الأنتر وف الكلاسيكو ديما نشجع ف برشلونة من ايامات رونالدينهو'],['Alawe_AlHamil']
['2018-10-28 23:10:29+00:00'],['ريال مدريد النهاردة #الكلاسيكو #ElClásico #ForçaBarça #برشلونة_ريال_مدريدpic.twitter.com/agjOUC6qPl'],['hobaaa_magdy']
['2018-10-28 23:10:23+00:00'],['أتمنى ماشوف بيل وبنزيما وايسكو يلعبون مره ثانيه للريال والتخلص منهم ب اي طريقه حتى لو احتاج ذلك لفريق مكون من ١٥ شخص معهم طبيب شرعي . #برشلونه_ريال_مدريد'],['sllomovic']
['2018-10-28 23:10:20+00:00'],['برشلونا خرب كلاسيكو الارض #برشلونه_ريال_مدريد'],['mafl7']
['2018-10-28 23:10:18+00:00'],['نقاط يجب الحذر منها عند نزول المطر : 1 عدم زيادة السرعة فوق80. 2 استغلال الشوارع الفاضية 3 الابتعاد عن اماكن الاستهتار 4 تجنب برك المياه على حواف الطرق 5 برشلونة : 1 ريال مدريد'],['khajah66']
['2018-10-28 23:10:16+00:00'],['مع ضغط شغل بداية الأسبوع متفرجتش علي ماتشات النهارده بس فرحت جدا بفوز برشلونه و اذا كان ع اليد الفرحه عاديه لان ده الطبيعي كالعاده'],['FadyELFouady']
['2018-10-28 23:10:09+00:00'],['عزبتونا برشلونه وريال مدريد والبنات كوم تاني واو واااو خلاص ماشاءالله بتشجعو وتفهمو في الكوره بس ابردو ي جماعه'],['f_totaDerar']
['2018-10-28 23:09:54+00:00'],['بطل الليغا لهذا الموسم في المركز التاسع ... في نهايه الموسم برشلونه في المركز الثالث ..وميلان في ايطاليا في المركزالثامن ..من لايؤمن في قدرات وقيمه فريقه يذهب مع جمهور 2009..... pic.twitter.com/bKxBU6sIS4'],['abutaha2011']
['2018-10-28 23:09:46+00:00'],['شهالمباراه الي تفتح النفس ؟ #برشلونه_ريال_مدريد'],['alrashedf3']
['2018-10-28 23:09:46+00:00'],['#برشلونه_ريال_مدريد اغتصاب كاتلوني لصغير مدريد بدون ميسي خماسيه اجل لو ميسي لعب كم تنتهي 10 لاخوف ع البرشا بضل كوتينيو وسواريز وديمبلي وبوسكيتس'],['A___96___']
['2018-10-28 23:09:39+00:00'],['#برشلونه_ريال_مدريد وظايف للنساء وانتي في بيتك'],['X0edOijqBssZCkV']
['2018-10-28 23:09:38+00:00'],['اقتراب كونتي من تدريب الريال و هو منتظر غدا في مدريد حسب صحيفة فرانس فوتبول الفرنسية #برشلونه_ريال_مدريدpic.twitter.com/finEYEBvEM'],['kacem220']
['2018-10-28 23:09:33+00:00'],['لا اتسويلنا فيراري وكلام فاضي مدريد متعود على الجلد من برشلونه ..'],['5xmecvxPmVpon38']
['2018-10-28 23:09:29+00:00'],['والله 5 #برشلونه_ريال_مدريد'],['MAARAMZI']
['2018-10-28 23:09:28+00:00'],['@faisalbinturki1 مبروك فوز برشلونه يستحق فوز نتيجه'],['Azooz_Dweesh']
['2018-10-28 23:09:23+00:00'],['“خماسية برشلونة في الكلاسيكو وسقوط ريال مدريد في ملخص اليوم الأثنين” https://twitter.com/i/moments/1056683464530055168 …'],['ReyadaCom']
['2018-10-28 23:09:17+00:00'],['هو طبيعي اني احب برشلونه كدا ؟'],['_lmomba']
['2018-10-28 23:09:12+00:00'],['برشلونة بيكسب ريال مدريد بالخمسة و الستة في مدريد برونالدو او من غير'],['HossamElwakil']
['2018-10-28 23:09:12+00:00'],['#ريال_مُدريد_برشٍلونهpic.twitter.com/lVcfa4Zd6n'],['Abomqrn11']
['2018-10-28 23:08:36+00:00'],['واذا كنت مستقرا في عملك ... لا تغرك النفس وتذهب لعمل أفضل ولكنه أصعب ... لا تكن مثل كورتوا ... كن ناجحا في الحياة وأظهر لهم أن غياب والدك عنك لا يعني أنك لاشيئ . كن مثل لاعبي برشلونة أوضحوا للعالم أن برشلونة ليس ميسي فقط . كلاسيكو تعلمنا منه الكثير .'],['boody_AK11']
['2018-10-28 23:08:35+00:00'],['ترتيب مدريد بعد الجولة العاشرة : #برشلونة pic.twitter.com/cJE6GWzDTk'],['3mr_cule8']
['2018-10-28 23:08:34+00:00'],['يعني انت راضي تاخذ الابطال كل موسم بدون الدوري و بعد فتره تلقى برشلونه يتخطاك فالالقاب؟'],['alikalali']
['2018-10-28 23:08:27+00:00'],['أضفت فيديو إلى قائمة تشغيل @YouTube على http://youtu.be/TmwY8N7deN4?a اهداف برشلونة و ريال'],['maged12557099']
['2018-10-28 23:08:23+00:00'],['معليش والله مدريد بدون الدون ولاشي اذا أراد يرجع بطلع هازارد لازم يتواجد برشلونه رغم غياب ميسي عمل شوارع في دفاع مدريد'],['rraarr88']
['2018-10-28 23:08:10+00:00'],['برشلونة فشخ ريال مدريد ٥/١ مع الرأفة بدون ميسي يا نصار "تصحيح" تشيلسي كسب اربعه صفر مش ٣'],['hady_reds']
['2018-10-28 23:07:55+00:00'],['#لا_تنسى_فلسطين #برشلونة #لا_للتطبيع_مع_الكيان_الصهيوني #لا_للتطبيعhttps://twitter.com/adham922/status/1056680526378135556 …'],['MTB_Palestine']
['2018-10-28 23:07:54+00:00'],['والله برشلونة مقامها تفشخ فيكوا ده اللي اتربيت عليه'],['OsamaG1']
['2018-10-28 23:07:49+00:00'],['مشكلتك الوحيدة انك تحسبين اللي ينتقد برشلونة يقلل منه انتي مثل واحد اعرفه اجلس عنده انتقد بعض الامور اللي اشوفها ببرشلونة يقول تقلّل ، كفاكم انتم والله ترا كريهين'],['9KHA_']
['2018-10-28 23:07:47+00:00'],['بسبب قله ادب المدريدية لمن اتغلبنا من برشلونة الواحد ما قادر يتعاطف معاهم'],['khalidalarabi']
['2018-10-28 23:07:40+00:00'],['اذا أردت أن تحقق أهدافك ؛ سجلها لتبقى أمام عينيك وتبقى حاضرة في ذهنك .. فتسعى إليها بشتى الطرق . . #برشلونه_ريال_مدريد يسعد صباحكم'],['DrH_87']
['2018-10-28 23:07:37+00:00'],['مبروووك لعشاق المتعه برشلونه الفوز الكبير في الكلاسيكو بخماسيه تاريخيه #برشلونه_ريال_مدريد'],['alsly10']
['2018-10-28 23:07:35+00:00'],['#برشلونه_ريال_مدريد'],['alkooon888']
['2018-10-28 23:07:34+00:00'],['اهداف برشلونة و ريال مدريد البرشا يسحق الريال بخمسية نظيفة: http://youtu.be/TmwY8N7deN4?a'],['maged12557099']
['2018-10-28 23:07:30+00:00'],['دى كانت حفلة بنت دين كليب خراب #برشلونه_ريال_مدريد'],['monzeratta1']
['2018-10-28 23:07:29+00:00'],['بيدريرول : " برشلونة اهانوا ريال مدريد بدون ميسي " pic.twitter.com/XN9T2s5QVS'],['ZoYaZenat']
['2018-10-28 23:07:29+00:00'],['#متعصب_هلالي_يقود_المسابقات اتمنى تركي ال الشيخ ينظف لنا الاتحاد السعودي من الهلاليين ياخي خلاص كم سنه وهم يسرقون البطولات سرقة وبالغصب يعني معقوله كل سنه لازم بطولتين حسيت انهم ريال مدريد او برشلونة لكن الحقيقة فيه من يدعمهم ويدلعهم'],['DMNhaayMbezuYwc']
['2018-10-28 23:07:24+00:00'],['برشلونة يربيكم'],['Hameeed90']
['2018-10-28 23:07:19+00:00'],['الف مبروك للملوكغاب السومه وغاب ميسي وحضرت الهيبه يوم كروي جميل تشبعنا متعه #برشلونه_الريال #الاهلي_وفاق_سطيف'],['m86_n']
['2018-10-28 23:07:18+00:00'],['#برشلونه_ريال_مدريدpic.twitter.com/krUj96DD8i'],['WsgSqyCaVguspUQ']
['2018-10-28 23:07:16+00:00'],['كونتي سيكون مدربا لريال مدريد - #برشلونه_ريال #برشلونة_ريال_مدريدpic.twitter.com/tuz9yjO1z6'],['xiie_6']
['2018-10-28 23:07:16+00:00'],['#برشلونه_ريال_مدريد غياب رونالدو مؤثر https://twitter.com/meezo84/status/1056683008302956544 …'],['ows33']
['2018-10-28 23:07:13+00:00'],['برشلونه فريق ممتع بدون المتخاذل'],['iSu1e']
['2018-10-28 23:07:04+00:00'],['#برشلونه_ريال_مدريد لا تأسفن على غدر الزمانِ لطالما رقصت على جثث الاسودِ كلابُpic.twitter.com/IivJOTmSz9'],['Sami99811']
['2018-10-28 23:07:02+00:00'],['ملخص الكلاسيكو صاعقه برشلونه علي ريال مدريد 5/1 و هاتريك... http://youtu.be/pd309heqkCY?a'],['mohamedmido1411']
['2018-10-28 23:06:59+00:00'],['ترا على ايام كريستيانو لقم ٥ من برشلونة'],['mohdux10']
['2018-10-28 23:06:44+00:00'],['فيسگا برساااا #برشلونه_ريال_مدريدpic.twitter.com/srYEpWeg5e'],['Salah_helal_14']
['2018-10-28 23:06:27+00:00'],['#كلاسيكو_الارض #برشلونه_ريال_مدريد #ملوك_الصالات #الزمالك_بطل_أفريقيا #ميدو_خط_احمر #الوصل_الاهلي #كأس_زايد_للأندية_الأبطالpic.twitter.com/1IFxP4e23Y'],['shahrazad1o']
['2018-10-28 23:06:26+00:00'],['كسم برشلونه ع كسم ميسي'],['3ly3ed']
['2018-10-28 23:06:24+00:00'],['والله مافي غيره إلي بيخليهم رجال في الملعب المباراه مع برشلونه كنت أشوف أشباه الرجال تلعب'],['1700Saleh']
['2018-10-28 23:06:23+00:00'],['٥-١ برشلونة'],['Alne3mi_1']
['2018-10-28 23:06:23+00:00'],['#برشلونه_ريال_مدريد ميسي في ذي الليلة جزء من المتعة مفقود..pic.twitter.com/FIv5mXAmnr'],['ali15_S']
['2018-10-28 23:06:13+00:00'],['#خليفة_سات #برشلونه_ريال_مدريدpic.twitter.com/foWvZqqnmI'],['wnsni_8']
['2018-10-28 23:05:57+00:00'],['أحلى حاجة جماهير برشلونة متفاجئين بالنتيجة، تقول أول مرة يفوزوا ب 5 في الكلاسيكو'],['ALOLMOH']
['2018-10-28 23:05:54+00:00'],['النتيجة اشد فتنه من النساء #برشلونه_ريال_مدريد'],['sa_samermohamed']
['2018-10-28 23:05:47+00:00'],['شاهد هتاف جماهير برشلونه في الكامب نو #فضييحه #فضييحه و انفعال حسام حسن علي حكم الرايه يثير الجدل لا يفوتكpic.twitter.com/4WJ5QdEi60'],['7mdyelshiwy']
['2018-10-28 23:05:45+00:00'],['ظاهرة التشبع موجوده بكل الاندية البطله وصارت في برشلونة بيب مما جعل البرصا سنويا يجلب اثنين او ثلاثه بالميركاتو والريال الان يحتاج ميركاتو قوي كـ ٢٠٠٩'],['Adelano_7']
['2018-10-28 23:05:42+00:00'],['هو انتي بتشجيعي مدريد ولا برشلونه'],['AmarYas58087606']
['2018-10-28 23:05:41+00:00'],['عاجل الجزيرة : لاعبوا برشلونة كانوا يستمعون للموسيقى أثناء مباراة الريال.'],['Basleafo']
['2018-10-28 23:05:36+00:00'],['يارجل مباريات البرشا معك اسهل من مباريات ليفانتي .. وتقولي مثل الفوز على ابطال اوربا .. ترا برشلونه يشوف الريال محطة وقود يتزود منها الثلاث نقاط .. فقط'],['f_a_a_7']
['2018-10-28 23:05:33+00:00'],['#برشلونه_الريالpic.twitter.com/5FqlOfHOYT'],['AlialSurhi']
['2018-10-28 23:05:30+00:00'],['#برشلونه_ريال_مدريد جون كمان وكنا هنقول انهم بيلعبوا بروح الفانلة البيضة'],['EslamsaadEs']
['2018-10-28 23:05:28+00:00'],['بالعافية #برشلونه_ريال_مدريد'],['karrardhia']
['2018-10-28 23:05:26+00:00'],['ارسنال اتعادل مع بالاس 2-2 ويونايتد كسب ايفرتون 2-1 وتشيلسي كسب بيرنلي 3-0 ريال مدريد كسب برشلونة 1-0'],['MoYossry']
['2018-10-28 23:05:15+00:00'],['#برشلونه_ريال_مدريد'],['EmmyElzougaby']
['2018-10-28 23:05:04+00:00'],['ليش الريال لازم تجيه ضربة من برشلنو ومذلة من اجل ان يغير من المدرب ليش ما نكون زي برشلونة اذا كان في إشكالية على المدرب ننتظر لنهاية الموسم لإقالة محافظين ماء الوجه'],['realandnaqi']
['2018-10-28 23:04:55+00:00'],['مجموعة منتج مالتي ماكا زيادة قوة وصلابة الإنتصاب تأخير القذف عند الذين يعانون من ذلك زيادة الرغبة الجنسيه زيادة كمية وكفاءة الحيوانات المنويه زيادة الرغبة الجنسية للمرأة زيادة المتعة للطرفين للطلب والتواصل عبر الخاص #السعودية #برشلونه_ريال_مدريدpic.twitter.com/XNkIPc8dwU'],['dy69379518']
['2018-10-28 23:04:52+00:00'],['اتوقع ١/٥ برشلونة وسواريز يحط هاتريك'],['KuwSpace']
['2018-10-28 23:04:29+00:00'],['الي راح يسولف عن برشلونه همن راح ينطق'],['ybalkhalfan85']
['2018-10-28 23:04:26+00:00'],|['OLE || !حطموهم و بالخمسة! حتى و بدون ميسي ، برشلونة فاز على ريال مدريد 5-1 ، مباراة ستبقى في الذاكرة . لويس سواريز فعل كل شيء في المباراة وسجل هاتريك . فريق فالفيردي هو المتصدر و لوبيتيجي من الممكن ان يخسر وظيفته. pic.twitter.com/PhFUlgUBnB']|,['zrhoni_mohamed']
['2018-10-28 23:04:25+00:00'],['اليوم في ناس راقده من قبل المغرب طبعاً الجماعة هذي اتشجع في نادي كلي من برشلونة 5 -1 وينكم ردوا علينا #هلا_برشلونة'],['montsar5154']
['2018-10-28 23:04:25+00:00'],['برشلونه طبعا كان ليها دور كبير pic.twitter.com/OxDPoml8b5'],['mohammed___samy']
['2018-10-28 23:04:24+00:00'],['ريال مدريد * برشلونة برعاية " كولونيا خمس خمسات " الراعي الرسمي لريال مدريد pic.twitter.com/rR8KcgV9Zw'],['91hamad']
['2018-10-28 23:04:20+00:00'],['من اليوم انا برشلونيه انشاالله #برشلونه_ريال_مدريد'],['Meeems__']
['2018-10-28 23:04:20+00:00'],['اللي برشلونه عملته فالريال انهارده الملبس هتعمله فينا بكرا'],['amrnaserr']
['2018-10-28 23:04:10+00:00'],['#برشلونه_ريال_مدريدpic.twitter.com/9gwBIqpmWD'],['7aso0on7000']
['2018-10-28 23:04:06+00:00'],['#برشلونه_ريال_مدريد وضعيpic.twitter.com/xJPCtHOBzy'],['Triple3Ah']
['2018-10-28 23:04:01+00:00'],['يارب يارب .. #برشلونه_ريال_مدريدpic.twitter.com/y1DSiVMcBC'],['Therib8']
['2018-10-28 23:03:45+00:00'],['#خالد_العبدالله #افضل_سناب_t #بايع_التمر #امطار_الرياض #برشلونه_ريال_مدريد #الدريس_يسيء_لمغردي_الوطن #دخنه #الاهلي_وفاق_سطيف #ElClasico #متعصب_هلالي_يقود_المسابقات #هلا_بالشتاء_هلابه #هاشتاق'],['Accounts_ksa']
['2018-10-28 23:03:40+00:00'],['#برشلونه_ريال_مدريد والله حزينه واااجد أوجد شيء'],['Dr_NR7']
['2018-10-28 23:03:26+00:00'],['كل البطولات مهمة ولكن هناك الاهم وهناك المهم برشلونة بعد خروجه علة يد روما اصبح موسمهم شبه صفري والدليل انتدابات وسخط على الادارة ووولان الابطال هي اهم بطولة موجودة .والبقية تاتي تباعا قبل لقاء روما كان برشلونة قوي ومتسيد وبعد اللقاء النملة فالفيردي ويجب على انييستا ترك الفريق'],['mortatha11155']
['2018-10-28 23:03:25+00:00'],['#برشلونه_ريال_مدريد راموس يجيد الدفاع فى حالة عدم وجود الكورة!!'],['EslamsaadEs']
['2018-10-28 23:03:21+00:00'],['ممكن مقصود سيرجيو روبرتو لاعب برشلونة'],['Fathibanor']
['2018-10-28 23:03:15+00:00'],['قصدكم فوز برشلونة على ريال مدريد 5 يا شريفه و مرتزقتها'],['HassanA93823756']
['2018-10-28 23:03:10+00:00'],['معلومه تهم كل مدريدي ان كارتوا اول حارس في الكلاسيكوا يدخل في مرماه 5اهداف #برشلونه'],['Eslam05512901']
['2018-10-28 23:03:08+00:00'],['#برشلونه_ريال_مدريد ﮼اللهم،صل،وسلم،وبارك،على،نبينا،محمد . .."ء'],['393_flanh']
['2018-10-28 23:03:01+00:00'],['#برشلونه_ريال_مدريد خبر عاجل:حارس مرمى الريال ينادى باسم سواريز اثناء نومه'],['EslamsaadEs']
['2018-10-28 23:02:54+00:00'],['عبدالله أشكناني: ألف فوز في الكلاسيكو.. لا يعادل بطولة "أبطال" واحدة #برشلونه_ريال_مدريد .. #ElClasico .. #كلاسيكو_الارض #ون_تو .. اشترك في #قناة_atv وفعل خاصية التنبيه http://goo.gl/WeShp5 pic.twitter.com/8o1KKFl5Sk'],['atvkw']
['2018-10-28 23:02:51+00:00'],['#توصيل و تركيب اثاث من #ايكيا #ساكو و غيرها داخل و خارج #الرياض #برشلونه_ريال_مدريد #أسرة_شي_إنpic.twitter.com/2bGaaUaXU4'],['93pXDXheUY1PmQl']
['2018-10-28 23:02:36+00:00'],['وربي حرام ذا الفريق يتقارن مع برشلونة والبايرن والكبار لا تقول دون ولا زيدان ، شوف لما بدت تقنية الفار فضااايح ما كان ممشيهم فالدوري الا التحكيم وطبعا الابطال مع كل دور ف كل موسم فضيحة'],['ih_jed1']
['2018-10-28 23:02:33+00:00'],['اكل خرة حيوان لو صدك برشلونه قوي خلي يفوز على روما و يوفي او جلسي لكم لعب ما يعرفون يلعبون مال يلعبون دعابل'],['wissamkawss5']
['2018-10-28 23:02:31+00:00'],['عيل برشلونة زين استغلوا الفرصة قبل الاقالة'],['ali_almahmood']
['2018-10-28 23:02:28+00:00'],['هقول ايه ولا اعيد ايه بس #برشلونه_ريال_مدريد'],['ali_sheshaa']
['2018-10-28 23:02:24+00:00'],['لما فريق يجب اربعة ابطال في خمس سنين و ينفخ ام اوروبا كلها زي مانفخهم ريال مدريد تعالي وتكلم ولو ع خمسه الريال فاز ع برشلونه 4و5و11 و 6 وكثييييير فا ارجوك بطل هبل انتو لسه شمين نفسكو سنه دي بس ... كفيه عليك كذا و خالني اشم رائحة الشياط من عندك بسبب الحرقان'],['moutaz9393']
['2018-10-28 23:02:23+00:00'],|['OLE || حطموهم و بالخمسة ! - حتى و بدون ميسي ، برشلونة فاز على ريال مدريد 5-1 ، مباراة ستبقى في الذاكرة . لويس سواريز فعل كل شيء في المباراة وسجل هاتريك . فريق فالفيردي هو المتصدر و لوبيتيجي من الممكن ان يخسر وظيفته. pic.twitter.com/Z718qNpGt1']|,['FCBW_A7']
['2018-10-28 23:02:21+00:00'],['كان يلاعب تشافي وانيستا وافضل تشكيل في تاريخ برشلونة برفقة بنزيما وعاهات كرة القدم اذا لم تعرفه ماذا فعل اسال عن اكثر من سجل في كامب نو في تاريخ الكلاسيكو'],['HAYDER_JABBAR10']
['2018-10-28 23:02:17+00:00'],['زيدان راح والريال لابد من ان يستمر في التقدم برشلونة راح منه غوارديولا انريكيه وجاء فالفيردي وفازو كلهم بالدوري مشكلة الريال ليست من المدرب بل هي إدارية لابد من تجديد الفريق من المهاجم للاجنحة لقلوب الدفاع حتى راموس لابد من البديل له وقت الكابتن إنتهى'],['realandnaqi']
['2018-10-28 23:02:12+00:00'],['#برشلونة 5 - 1 #ريال_مدريد : اهداف المباراة كاملة HD . #برشلونه_ريال_مدريدpic.twitter.com/8CxhVUXYq4'],['hsetzlernews']
['2018-10-28 23:02:09+00:00'],['والله ما فيه حاجة ولا حد وصل للي الليفل اللي بيفرحني فيه برشلونة'],['Zaher19017165']
['2018-10-28 23:02:04+00:00'],['اهداف الكلاسيكو برشلونة vs ريال مدريد: http://youtu.be/3ZHhFciiJhw?a عبر @YouTube'],['joughou']
['2018-10-28 23:02:02+00:00'],['خلو عنكم من يلعب معي فورتنايت. #برشلونه_ريال_مدريد'],['qovvs']
['2018-10-28 23:02:00+00:00'],['ريال مدريد دخل القنصليه السعوديه #برشلونه_ريال_مدريد'],['aljzar1979']
['2018-10-28 23:01:30+00:00'],['وضع البرشلوني بكرة في الدوام #برشلونة_ريال_مدريدpic.twitter.com/TZEcifZTgg'],['3J_cule']
['2018-10-28 23:01:27+00:00'],['يدل ان برشلونه لا يعتمد على لاعب واحد والمدريديه يبكون على كرستيانو'],['Mohamme25381209']
['2018-10-28 23:01:15+00:00'],['ههههه .. كم خلصت مباراه برشلونه و الريال .. وللتذكير بدون ميسي'],['aalmannaei10']
['2018-10-28 23:01:14+00:00'],['الشهر الصعب مر على برشلونة بسلام برشلونة 1 : 1 فالنسيا برشلونة 4 : 2 توتنهام برشلونة 4 : 2 اشبيلية برشلونة 2 : 0 انتر ميلان برشلونة 5 : بدون ميسي ريال مدريد'],['Fouad_D10S']
['2018-10-28 23:01:13+00:00'],['الحياة فرص و انا #بنزيما #برشلونه_ريال_مدريد'],['afb_real']
['2018-10-28 23:01:13+00:00'],['مو الفريق الصعب لأنه يعتمد على لاعب واحد وفي ظل غياب هذا اللاعب تقل صلابة الفريق وقوته ، برشلونة لم يعد الفريق المخيف احترم فوزكم اليوم لكن صدقيني مدريد سيء مدريد سيء برشلونة مو قوي'],['9KHA_']
['2018-10-28 23:01:12+00:00'],['ارسل طولك و وزنك على الخاص .. وحقولك كيف تخس ،، وكيف يروح الكرش وبوقت قياسي وبدون اثار جانبية او ترهلات #تويته_عن_طقس_مدينتك #الاهلي_وفاق_سطيف #برشلونه_ريال_مدريد'],['zz11ll']
['2018-10-28 23:00:50+00:00'],['مباراة برشلونة و ريال مدريد https://youtu.be/Yeww0o3NNYc'],['EssamAl19865114']
['2018-10-28 23:00:49+00:00'],['#برشلونه_ريال_مدريد. خرجت من الاستراحه اشتي اطلع باص وأشرت للسواق بأصابعي الخمس(قصدي مامعي الا خمسين) لحقني لافوق الرصيف كان يشتي يصدمني طلع مدريدي هههههههههههههههههههههه #إنتا_مش_إنتا_وإنتا_خسران'],['Na_sr_1']
['2018-10-28 23:00:47+00:00'],['#برشلونة_ريال_مدريد الريال بدون رونالدو لا تساوي شيئ !'],['TarekGoulmane']
['2018-10-28 23:00:44+00:00'],['الزبدة في السالفة انو برشلونة شقانا بدون ميسي'],['Ramirespect']
['2018-10-28 23:00:34+00:00'],['درجة لون شورت برشلونة و شكل الشراب جامدين فشخ والله و الطقم علي بعضه يفتح النفس'],['kaboria1312']
['2018-10-28 23:00:28+00:00'],['#برشلونه_ريال_مدريدpic.twitter.com/a5dDc20C9Q'],['KVlPW']
['2018-10-28 23:00:24+00:00'],['محمد سهيل متحديًا ناصر العمران: من البدلاء عند #فالفيردي غير إللي لعب فيهم؟!.. أي برشلوني يعرف بأن هذه هي تبديلاته #برشلونه_ريال_مدريد .. #ElClasico .. #كلاسيكو_الارض #ون_تو .. اشترك في #قناة_atv وفعل خاصية التنبيه http://goo.gl/WeShp5 pic.twitter.com/UiPRGY9nqk'],['atvkw']
['2018-10-28 23:00:22+00:00'],['#برشلونه_ريال_مدريد كبير اسبانيا ليت ميسي كان موجود بس'],['Adneye45Saftd']
['2018-10-28 23:00:15+00:00'],['طقطقه على المدريدية بعد الهزيمة من برشلونه 5 - 1: http://youtu.be/E8wi75w0D3s?a via @YouTube'],['Kaiserfort']
['2018-10-28 23:00:05+00:00'],['دا ايه اليوم اللي من اوله هزيمه ده الريال والأهلي يد وبعدها الأهلي قدم يتعادل بعد هزيمة هو الكلام دا بجد #برشلونه_ريال_مدريد #الاهلي_الوصل'],['abdotablia3']
['2018-10-28 23:00:00+00:00'],|['#سوبر_كوره || 10 أرقام تحققت فى ليلة سقوط الريال أمام برشلونة بخماسية #برشلونه_ريال_مدريد #كلاسيكو_الارض https://goo.gl/dJdef1 pic.twitter.com/9MuWvb6Fdn']|,['superkora']
['2018-10-28 22:59:57+00:00'],['شاهد أهذاف الكلاسيكو برشلونة و ريال مدريد اليوم 10/28/2018 http://bit.ly/2zb3hUT pic.twitter.com/eXlMDkQVel'],['GolasYalla']
['2018-10-28 22:59:54+00:00'],['قالها الشوالى زمان.صفر سيدي الحكم وانقذ مدريد واليوم يعلنها تدخل الحكم وانقذ مدريد #الكلاسيكو مباشر #برشلونة #برشلونه_ريال_مدريد'],['Zaza56109192']
['2018-10-28 22:59:52+00:00'],['#برشلونه_ريال_مدريد خمسة ف عين راموس'],['TJbdm']
['2018-10-28 22:59:51+00:00'],['\u2066@MS__266\u2069 \u2066 @MinaAbdo182\u2069 البق دا سمعته فين قبل كده... اه من ريس البوابين وبكده يبقي برشلونه بطل دورى ابطال اوروبا pic.twitter.com/LBQD1dqKJB'],['Eng_MinaAlfy']
['2018-10-28 22:59:46+00:00'],['بعض الاشياء لاتتغير أبداً #برشلونه_الريالpic.twitter.com/WhfIfkHV4b'],['Fas_77_']
['2018-10-28 22:59:41+00:00'],['ودى حاجه برشلونه ع ريال متفقين عليها https://twitter.com/yasseen17_/status/1056592490910924802 …'],['TarekZohair']
['2018-10-28 22:59:41+00:00'],['مو مشكلة برشلونه اذا فريقك سيّء ترى برشلونه عنده إصابات شلون مو الفريق الصعب ؟'],['JauntyFCB']
['2018-10-28 22:59:36+00:00'],['برشلونه اثبت انه فريق كبير بوجود ميسي ومن عدمه فترة اصابته صعبه وغيرت الكثير لكن ما انهار الفريق مثل ماصار مع بعض الفرق اللي خسرت نجومها'],['mihh_95']
['2018-10-28 22:59:32+00:00'],['المره دى داخلين نفول البنزيما ... #برشلونه_ريال_مدريد #ElClasico #ريال_مدريد'],['mahmoudsadekk']
['2018-10-28 22:59:30+00:00'],['للعلم الريال الشوط الاول مختفي وظهر اول ربع ساعة من الشوط الثاني وهذه كانت ردة فعل معروفة فريق ماكل هدفين اكيد يحاول يرجع بالشوط الثاني وبعد الدقيقة الستين برشلونة سيطرت و اكلتوا الخمسة بالعافية pic.twitter.com/wX8VxKr0v6'],['bebobarcelona88']
['2018-10-28 22:59:23+00:00'],['المشكلة ليست باللاعبين المشكلة بالمدرب وقدرته على ادارة غرفة الملابس ودكة الاحتياط. الريال لديه لاعبين افضل بكثير من لاعبي الفرق الاسبانية بعيدا عن برشلونة ومع ذلك فهم يؤدون كورة افضل من الريال والسبب المدرب. لم يتغير عن فريق زيدان الا كريستيانو'],['makr17april']
['2018-10-28 22:59:12+00:00'],['https://bit.ly/2O8Cxd6 #جمال_خاشقجي #برشلونه_ريال_مدريد #الكلاسيكو #FCBRMA #ElClasico #Madrid #Lopetegui #BarcaRealMadrid'],['a9ssawi']
['2018-10-28 22:59:12+00:00'],['خل المباريات الكبيرة الي كل لاعب يعطي أعلى ما عنده عكس باقي المباريات الي يعطي ميسي فيها أعلى مستوى ويحسمها والي يأكد الكلام ارجع للنتائج بدون ميسي وشوف تدني نسبة الفوز بدونه وسيطرة برشلونة على الدوري بشكل حاسم يرجع الفضل بعد الله لليو والوعد اذا طلع ميسي وجتك مباريات ليفانتي'],['moooath1991']
['2018-10-28 22:58:57+00:00'],['الود بشجع انتر و يونايتد خلي ينبسط بي برشلونة شوية'],['Tawir99']
['2018-10-28 22:58:56+00:00'],['#برشلونه_ريال_مدريد #موتلو_السعوديه مؤسسة جلاميد للتجاره وكيل حصري لبطاريات موتلو في المملكه العربيه السعوديه #جده_الرياض_الدمام_القصيم'],['MUTLU_BATEERY']
['2018-10-28 22:58:52+00:00'],['#برشلونه_ريال_مدريدpic.twitter.com/cl7fYGG0xD'],['3J_cule']
['2018-10-28 22:58:47+00:00'],['Yeah Baby yeah ... احنا بنعشق برشلونة اصلا حتى لو خسران عشان طريقة لعبه لوحدها ممتعة و تحفة حاجة فنية غاية الروعة عمادها ( ان النجم الاوحد ليس هو الاساس انما اللعبة الجماعية ) فما بالك لما بيكسب بقى بالاكتساح ده ..... بارسا يا حبي https://twitter.com/FCBarcelona/status/1056604812299649025 …'],['mohamadalm']
['2018-10-28 22:58:41+00:00'],['برشلونة غلبت الريال خمسة بس باخر ما تبقي من سواريز ومن دون ليو تخيلت'],['tabila7070']
['2018-10-28 22:58:40+00:00'],['انا لا بحب الريال ولا برشلونه'],['wtGwTha5YL9rmTR']
['2018-10-28 22:58:40+00:00'],['من فرحتي بفوز برشلونة نسيت اتفرج علي ماتش الاهلي'],['B_4billy']
