['2018-10-28 23:59:33+00:00'],['مشكلة الهلالي والاتحادي للان يحسب الكلاسيكو قوي مثل ماكان نور موجود بأيام قوة الفريقين وهذا خطأ حاليا النصر والاهلي اقوى بكثيررررررر او الهلال والاهلي بسبب قرب المستويات الاتحاد حاليا مثل الحزم والفتح وممكن اقل منهم'],['41ii41']
['2018-10-28 23:58:58+00:00'],['ملخص الكلاسيكو https://www.facebook.com/100004465603169/posts/1203538549804987/ …'],['BifornaAgency']
['2018-10-28 23:58:44+00:00'],['نمتي ولى كنتي ما فاضيه و بتحضري في الكلاسيكو'],['khalid_elhassan']
['2018-10-28 23:57:45+00:00'],['#حاجة_عادي_ههههه #والله_غضتوني_ههههه #_5__بعد_هههههههه #إرحمو_قوم_عزيز_ذل #ForçaBarça #FCBRMA #Classico #الكلاسيكو #برشلونة_ريال_مدريدpic.twitter.com/npwcrsJBha'],['GhrissiMoh1']
['2018-10-28 23:57:26+00:00'],['اليوم كعادته في الكلاسيكو قدم راكي مباراه عظيمه : تمريرات راكي كانت مؤثره جدا وتسببت في اهداف كهدف كوتينهو راكي علي المستوي البدني بذل مجهود كبير وكان من أكثر من ركض إن لم يكن الاكثر راكي احتوي خطوره مودريتش وكروس وتسبب في إفساد الكثير من هجمات الريال انطلاقات راكي كانت جيده pic.twitter.com/y70EeJHq75'],['mbapee10']
['2018-10-28 23:57:15+00:00'],['يارب تلعب كل المباريات زي الكلاسيكو و م تضيع كور كثير'],['c6lld']
['2018-10-28 23:56:41+00:00'],['متأثرين بي صدمة الكلاسيكو pic.twitter.com/F4IhgJHruI'],['SafooabdoAbdo']
['2018-10-28 23:55:18+00:00'],['لا ياعزيزي، المو صُنف على انه اسوأ مدرب بتاريخ الكلاسيكو'],['Yousef___10']
['2018-10-28 23:55:03+00:00'],['الكلاسيكو اكلة مغربية يديروا فيها في العيد نفس الكسكسو عندنا'],['SA_AD95']
['2018-10-28 23:54:32+00:00'],['انا مالي خص في الكلاسيكو .. خلني مع اليونايتد وبس ...'],['salmanooo11']
['2018-10-28 23:54:03+00:00'],['ايفان اليخو (لاعب خيتافي) طرد أمام أتليتيكو مدريد، في حركة مشابهة لتدخل سواريز على ناتشو، وهو ينتقد حكم الكلاسيكو سانشيز مارتينيز، الذي لم يطرد الاوروغواياني. https://twitter.com/ivanalejo7/status/1056609720495157253 …'],['BarcaArabNet']
['2018-10-28 23:54:00+00:00'],['على فكرة يا شبب بطل الكلاسيكو انهارده كان بنزيما ....ضيع كورة النهارده لو دخلت كانت تعادل و الموضوع اتغير خالص #شكرا_كريم'],['salahyasser4']
['2018-10-28 23:53:51+00:00'],['لا تدع الكلاسيكو يلهيك عن تسديدة بوغبارالخيالية pic.twitter.com/7tJrFw6rng'],['Alsellew']
['2018-10-28 23:53:27+00:00'],["J'ai ajouté une vidéo à une playlist @YouTube - اجمل مباراة في تاريخ الكلاسيكو برشلونة و ريال"],['belkhir_saber']
['2018-10-28 23:52:27+00:00'],['الكلاسيكو اليوم وين عايشة انتي'],['SA_AD95']
['2018-10-28 23:52:11+00:00'],['#القانون_ينص_على_اعاده_الكلاسيكو pic.twitter.com/S7WN5RcMDv'],['faris_ittti']
['2018-10-28 23:52:09+00:00'],['هذه اكبر نتيجة في تاريخ الكلاسيكو والمعترف بها من الأتحاد الإسباني لكره القدم ..! مدريدي سابقاً يوفنتيني حالياً pic.twitter.com/6t4NmzLDhF'],['BonySky1']
['2018-10-28 23:51:48+00:00'],['الليله غير... برشلونه يكتسح في الكلاسيكو والاهلي الملكي يقدم سيمفونيه فخمه بشبابه الواعد وفي ملعب النار المخيف دائما الراقي لا يحسن الكلام والرد الا فوق المستطيل الاخضر ورحم الله القائل :اذا فاز الاهلي تنام الارض مبسوطه'],['wabumelha']
['2018-10-28 23:51:42+00:00'],['واضح من يلي يسرق على قيس اخر الكلاسيكو يلي قبل هدا'],['Sir_Marwan_RM']
['2018-10-28 23:50:49+00:00'],['رغم الظروف التي امر فيها ولكن الفوز في الكلاسيكو جاء في وقته'],['Faisalinho11']
['2018-10-28 23:50:26+00:00'],['الكلاسيكو العنجدي هو كلاسيكو فرنسا اما الكلاسيكو الأسباني قد مات احشوه'],['B97AlNassar']
['2018-10-28 23:49:40+00:00'],['إعادة الكلاسيكو التاريخي للبارسا (5-1) الأن للي حاب يتفرج #برشلونه_ريال_مدريد'],['fcbarcelona_200']
['2018-10-28 23:49:12+00:00'],['هاردلك لهم لو كانوا مدريستا وهاردلك لك ايضا الكلاسيكو سيبقى بنفس البريق مع ميسي او بدونه ، مع كريس او بدونه'],['_MishalAls']
['2018-10-28 23:48:19+00:00'],['تابعت مباراة الكلاسيكو الفرنسي وعرفت أن باريس سان جيرمان ليس لها منافس في فرنسا وقد تذهب بعيدا في دوري الأبطال مع توخيل وأن مبابي سيكون هو رجل البالون دور القادم اما نيمار قد يحصل عليها مرة واحدة إن أمكن أتوقع نيمار قد نراه في الدوري البرازيلي او الأمريكي أو الدوري السعودي'],['AmrAtiaNassar']
['2018-10-28 23:47:38+00:00'],['و قعد يقولك ريمونتادا و بتاع يا عم هم عارفين يمسكوا نفسهم علشان يعملوا ريمونتادا #الكلاسيكو #ElClásico #ForçaBarça #برشلونة_ريال_مدريد'],['hobaaa_magdy']
['2018-10-28 23:47:33+00:00'],['اتوقع انهم اذا لعبوا الكلاسيكو بكورة صفراء فذلك يعني ان مدريد بينجلد بنتيجة كبيرة واذا لعبوا بكورة بيضاء بيجي كلاسيكو متوازن الزبدة اتوقع الكورة الصفراء فيها نحس وسحر pic.twitter.com/QrkrgJmNcg'],['_yas6']
['2018-10-28 23:47:26+00:00'],['ابي ملخص الكلاسيكو يالربع'],['iGriz7']
['2018-10-28 23:47:22+00:00'],['لفة مع حبيبة خالو قبل الكلاسيكو #niecelove https://www.instagram.com/p/Bpe498-HLW0/?utm_source=ig_twitter_share&igshid=1lztbqt7lbrln …'],['HHathout']
['2018-10-28 23:47:09+00:00'],['اتابع الكلاسيكو اعاده وانت؟'],['i7mooha']
['2018-10-28 23:47:00+00:00'],['الكلاسيكو الان على بي ان سبورتس HD3 كل التوفيق لريال مدريد #HalaMadrid'],['Liga4Arabia']
['2018-10-28 23:46:39+00:00'],['ثنائية سيرجي روبيرتو و سواريز من اعظم الثنائيات في تاريخ الكلاسيكو.. أنا مش عارف الأتنين دول عاوزين من الريال ايه؟! كل ماتش موجودين و حاضرين فيه لازم بيعملوا حاجه'],['AhmedMostafa_10']
['2018-10-28 23:45:53+00:00'],['إعادة الكلاسيكو التاريخي للبارسا (5-1)، الان على بي ان سبورتس HD3.'],['BarcaArabNet']
['2018-10-28 23:45:28+00:00'],['الان جماهير برشلونة راح تستلم جماهير ريال مدريد طقطقة لـ فترة الله أعلم كم تبقى من بعد 4 - 0 بدون ميسي الان صارت 5 - 1 بدون ميسي الله يعينكم #برشلونة_ريال_مدريد #ريال_مدريد_برشلونة #الكلاسيكو #ElClasico #كلاسيكو_العالم #كلاسيكو_الأرض'],['mahra6791']
['2018-10-28 23:45:27+00:00'],['بس و الله حتى بعد غياب ميسي و كريستيانو رونالدو عن الكلاسيكو ما زال في حماس و كان كلاسيكو رائع #برشلونة_ريال_مدريد #ريال_مدريد_برشلونة #الكلاسيكو #ElClasico #كلاسيكو_العالم #كلاسيكو_الأرض'],['mahra6791']
['2018-10-28 23:45:27+00:00'],['أداء رائع و مذهل لـ برشلونة حتى مع غياب ميسي لازم يعملوا الكثير لـ ريال مدريد حتى يعودوا كما كانوا قبل رحيل المدرب زيدان و رحيل كريستيانو رونالدو لانه من بعد رحيلهم و هوية الفريق ضائعة #برشلونة_ريال_مدريد #ريال_مدريد_برشلونة #الكلاسيكو #ElClasico #كلاسيكو_العالم #كلاسيكو_الأرض'],['mahra6791']
['2018-10-28 23:45:25+00:00'],['نهاية المباراة : برشلونة 5 - 1 ريال مدريد مبروووووك لـ برشلونة و عشاق برشلونة الفوز في المباراة و هاردلك لـ ريال مدريد #برشلونة_ريال_مدريد #ريال_مدريد_برشلونة #الكلاسيكو #ElClasico #كلاسيكو_العالم #كلاسيكو_الأرضpic.twitter.com/VdB0abMsMo'],['mahra6791']
['2018-10-28 23:45:21+00:00'],['الكينغ و المحارب ارتورو فيدال يسجل أول هدف له مع برشلونة في الكلاسيكو و هو لسى ما كمل 3 دقائق على دخوله كـ بديل يستاهل لاعبنا و ولدنا السابق #برشلونة_ريال_مدريد #ريال_مدريد_برشلونة #الكلاسيكو #ElClasico #كلاسيكو_العالم #كلاسيكو_الأرض'],['mahra6791']
['2018-10-28 23:45:21+00:00'],['قوووووووووول خامس لـ برشلونة من ارتورو فيدال و اسيست من عثمان ديمبيلي بـ الدقيقة 87 رأسية رائعة من الكينغ و المحارب فيدال و يسجل أول هدف له مع برشلونة في الكلاسيكو #برشلونة_ريال_مدريد #ريال_مدريد_برشلونة #الكلاسيكو #ElClasico #كلاسيكو_العالم #كلاسيكو_الأرض'],['mahra6791']
['2018-10-28 23:45:19+00:00'],['هاتريك من لويس سواريز و أمام ريال مدريد مو معقول يا سواريز وين جماهير برشلونة اللي تقول عنه فاشل و ما منه فائدة و تكملة عدد هذا هو سواريز شالكم و رفعكم في المباراة في غياب ميسي #برشلونة_ريال_مدريد #ريال_مدريد_برشلونة #الكلاسيكو #ElClasico #كلاسيكو_العالم #كلاسيكو_الأرض'],['mahra6791']
['2018-10-28 23:45:17+00:00'],['قوووووووووول رابع لـ برشلونة من سواريز و اسيست من سيرجي روبيرتو بـ الدقيقة 83 خطأ من راموس و افتكها سيرجيو روبيرتو و انفراد لـ لويس سواريز أمام كورتوا و سجل الهاتريك #برشلونة_ريال_مدريد #ريال_مدريد_برشلونة #الكلاسيكو #ElClasico #كلاسيكو_العالم #كلاسيكو_الأرض'],['mahra6791']
['2018-10-28 23:44:53+00:00'],['@AmirAbdElhalim شابو بجد ياامير محلل ممتاز واسلوبك ف تحليل الكلاسيكو رائع او اي مباراه اخره وعندك رايه مستقبليه جيدا كانت حلقه حلوه مع #حتحوت'],['RodySayed76']
['2018-10-28 23:43:44+00:00'],['ملخص مباراة كلاسيكو الجنون – برشلونة وريال مدريد 6-2 ميسي المبدع يجنن يوسف سيف #الكلاسيكو • HD https://barcelonabelarabi.info/%d9%85%d9%84%d8%ae%d8%b5-%d9%85%d8%a8%d8%a7%d8%b1%d8%a7%d8%a9-%d9%83%d9%84%d8%a7%d8%b3%d9%8a%d9%83%d9%88-%d8%a7%d9%84%d8%ac%d9%86%d9%88%d9%86-%d8%a8%d8%b1%d8%b4%d9%84%d9%88%d9%86%d8%a9-%d9%88%d8%b1/ …pic.twitter.com/GNODuXUbdL'],['asdaalwatan']
['2018-10-28 23:42:19+00:00'],['متى اعادة الكلاسيكو شباب'],['39o0my']
['2018-10-28 23:42:14+00:00'],['I liked a @YouTube video http://youtu.be/wAyUQEK6T9M?a المدفع : الكلاسيكو برشلونة ريال مدريد (5-1) -'],['khalidelzahra']
['2018-10-28 23:42:11+00:00'],['ملخص أهداف الكلاسيكو بعد فوز ساحق لنادي برشلونة ب 5 أهداف مقابل 1 على غريمه التقليدي ريال مدريد تقرير : Lhossin Chakir https://www.facebook.com/BifornaAgency.MainPage/videos/606742403074841/ …'],['BifornaAgency']
['2018-10-28 23:41:16+00:00'],|['SP || كسر الكلاسيكو']|,['barca_news_arab']
['2018-10-28 23:39:45+00:00'],['اعيد الكلاسيكو'],['Yosf73891909']
['2018-10-28 23:39:35+00:00'],['اخويا بعد ماتش الكلاسيكو نام مكتئب وساب كل شغله اوفر اوي اقسم بالله وبزعل علشانه جدا لما بيزعل بس ف الواقع مش عارفه اعمله ايه'],['Nelfarsi']
['2018-10-28 23:39:26+00:00'],['هسة اليبچي متعرفه زاير لو ريالي 5 #عزاء_الاربعين_وفاء_للحسين #الكلاسيكو pic.twitter.com/RX5HUGQ3IM'],['ameeno1994']
['2018-10-28 23:39:00+00:00'],['از وقتی دوگانه شد، تقریبا دیگه هیچ وقت از الکلاسیکو لذت نبردم، تا امروز...'],['MoSada18']
['2018-10-28 23:37:52+00:00'],['في انتظار بيان رسمي من ليستر على ما حدث لنا في الكلاسيكو يا بيريز يابن المت**'],['hoshos_madrid']
['2018-10-28 23:37:21+00:00'],['لو أنّ لاعبي الريال عندهم نصف الحماس والروح التي عند مارسيلو ؟ هل يستحق مارسيلو أن تكتب بتاريخه هذه الخسارة ؟ #الكلاسيكو pic.twitter.com/aFCmC9WYBJ'],['TalhaAhmad81']
['2018-10-28 23:37:09+00:00'],['المباراه خلصت لها ست ساعات وانا كل ساعتين اتابع ملخص الكلاسيكو .. يا البيستوليرو خلني انام بالله pic.twitter.com/ijiVNSDL4n'],['5hiled_']
['2018-10-28 23:37:03+00:00'],['راموس: اعطينا 45 دقيقة فقط في الكلاسيكو.'],['Sway4sport']
['2018-10-28 23:36:35+00:00'],['انتهت المباريات الكبيرة في يوم الأحد تابعت أكثر المباريات في مباراة الكلاسيكو الأسباني وعرفت أن لوبتيغي مظلوم في الريال أين الصفقات يا بريز؟! وعرفت أن برشلونة ستسيطر علي أسبانيا هذا العام وهتذهب بعيدا في دوري الأبطال وبعد مباراة يونايتيد يبدو أن الأمور تستير مع مورنيو الي الصواب'],['AmrAtiaNassar']
['2018-10-28 23:35:16+00:00'],['أعجبني فيديو @YouTube على http://youtu.be/8DtF1M5OflA?a فضيحة في الكلاسيكو ، عودة البرسا'],['Rthabbet']
['2018-10-28 23:35:04+00:00'],['نجيب انقذني متى إعادة مباراة الكلاسيكو او اذا في طريقه اشوف الإعادة من موقع'],['m_almarshed']
['2018-10-28 23:34:22+00:00'],['الحاجة الغريبة في الكلاسيكو دة انو مدرب برشلونة لعب خمسة مرات في الكلاسيكو و مدرب مدريد مرة وحدة ..'],['z3to0or']
['2018-10-28 23:34:13+00:00'],['المدريدي قبل الكلاسيكو: أنت يالبرشلوني تشوف برشلونه كله ميسي وماعندكم الا ميسي وتعتبرون ميسي الفريق كله. المدريدي بعد الكلاسيكو: وينك يارونالدو من بعدك مدريد ماله طعم وماراح اشجعه انا بشجع اليوفي.'],['BANDAR___Q8']
['2018-10-28 23:34:07+00:00'],['"شاهد ردة و تعصب شاكيرا وهي تشاهد الكلاسيكو " : http://youtu.be/Z4TN6MsU5VE?a via @YouTube'],['afarissi2018']
['2018-10-28 23:33:01+00:00'],['أخبار نادي برشلونة: فالفيردي: من المفيد جدًا ربح الكلاسيكو بهذه الطريقة المزيد من التفاصيل: http://90kora.com/news/721271'],['buzzkoranews']
['2018-10-28 23:32:32+00:00'],['خماسية الكلاسيكو افسدت علي الاستمتاع بهذا الوقت المقدس بالنسبة لي .. مأجمل ليالي الشتاء'],['SirFahd_']
['2018-10-28 23:32:24+00:00'],|['AS || ليفربول الحاضر الغائب في الكلاسيكو - احتفت الجماهير الإنجليزية بلاعبيها السابقين بعدما تمكنا من سحق الغريم التقليدي بخماسية pic.twitter.com/AJNqr0j6Y5']|,['FCBW_A7']
['2018-10-28 23:30:15+00:00'],['البرشلوني من 2009 وذباته ماتغيرت بدون ميسي وبدون حذاء ! ترى مبارأة الكلاسيكو مو بطولة يالغبي شف دعس رونالدو لـ ميسي ههههـ هذا الدعس صار ميسي يدور بمكانه ووجه كنه مصفوق بنعل قتله الدون هههههههههههههههههههههههههههههههههههههههههههههههههههههههههاااآاآيي pic.twitter.com/Ez2pGUFvjx'],['RP7CR7']
['2018-10-28 23:30:13+00:00'],['ذاك الكلاسيكو فيه ٢٤ دوري و٤ ابطال اسيا الكلاسيكو حقكم ١١ دوري صفر ابطال اسيا'],['Muddfc']
['2018-10-28 23:30:03+00:00'],['متى رح تنزل حلقة الكلاسيكو ؟؟'],['Hesoka001']
['2018-10-28 23:29:12+00:00'],['نام عزيزي المدريدي .. هذه مزحة وليس حقيقة الكلاسيكو السبت القادم .. الساعة 3 بتوقيت سواريز والخامسة بتوقيت فيدال pic.twitter.com/pFOhvXKHyi'],['abnalaaz71']
['2018-10-28 23:29:04+00:00'],['ليش مو العكس من لاعبين الريال خصوصا بعد النتائج الكبيره في مباريات الكلاسيكو؟'],['awhab1990']
['2018-10-28 23:28:41+00:00'],['بو إبراهيم ما عاد يهمهم لا العنقود ولا العنب.. خليفة وعمر في الجامعة بأمريكا- كبروا عن سوالف #الكلاسيكو-حتى ما تابعوا الكلاسيكو... وما عاد له طعم برحيل رونالدو... @alshayji_97 @omaralshayji_ #classico￼https://twitter.com/M132adil/status/1056598879658041344 …'],['docshayji']
['2018-10-28 23:27:46+00:00'],['خاطره بازی Viva barca و سوارز : گنگسترِ یاغیِ عاشق #ElClásico #barca #Barcelona #الکلاسیکو #سوارز #بارساpic.twitter.com/MOjmV9wxaW'],['AaBolourchian']
['2018-10-28 23:27:40+00:00'],['نحضر اهداف الكلاسيكو الخمسة عل يوتيوب اكثر من مره وكل مره بصوت معلق شكل'],['malkawiXII']
['2018-10-28 23:27:30+00:00'],['نام عزيزي المدريدي .. هذه مزحة وليس حقيقة الكلاسيكو السبت القادم .. الساعة 3 بتوقيت سواريز والخامسة بتوقيت فيدال pic.twitter.com/pFOhvXKHyi'],['abnalaaz71']
['2018-10-28 23:27:12+00:00'],['خلني كل سنه انصقع في الكلاسيكو بس اعطني كل سنه دوري ابطال'],['aoon_11']
['2018-10-28 23:26:57+00:00'],['ملخص الكلاسيكو أهداف مباراة برشلونة و ريال مدريد 5 1 ثلاثية سواريز:'],['fyIAKZWsBYmGu1M']
['2018-10-28 23:26:56+00:00'],['أضفت فيديو إلى قائمة تشغيل @YouTube على http://youtu.be/f61AC86wHis?a ملخص الكلاسيكو أهداف'],['fyIAKZWsBYmGu1M']
['2018-10-28 23:26:50+00:00'],['احضرنا الكلاسيكو بس هو ماحضر'],['barca_8A']
['2018-10-28 23:26:28+00:00'],['أعجبني فيديو @YouTube على http://youtu.be/8DtF1M5OflA?a فضيحة في الكلاسيكو ، عودة البرسا'],['gerehhh']
['2018-10-28 23:26:27+00:00'],['السؤال الان متى سيُعاد هذا الكلاسيكو غداً نريد ان نشاهد الفضيحه مره اخرى ريبلي'],['Mr_khalil14']
['2018-10-28 23:26:02+00:00'],['صباح الخير يابن كوم الزواني #الكلاسيكو pic.twitter.com/tLsp6ZLe0T'],['mo_khairy1']
['2018-10-28 23:24:46+00:00'],['انتاا بتهزر ولا اى اناا بتتكلم ع ميسى هداف الكلاسيكو اللى ممرجح ريال مدريد بقاله سنين اللى من اكتر فرق جاب فيهم اجوان كانت ريال مدريد ؟؟؟؟؟؟؟؟'],['A7med_omar_11']
['2018-10-28 23:24:45+00:00'],['ودي اتكلم شوي عن الكلاسيكو بعد ماهدت الدنيا شوي'],['ziy97']
['2018-10-28 23:24:26+00:00'],['سبورت هاتريك لويس سواريز في مرمى ريال مدريد هو اهداء إلى اطفاله الثلاثة ... لاوتي، ديلفينا وبنجامين. اضاف المهاجم الاوروغواياني 159 هدفا مع البارسا بعد ثلاثيته في الكلاسيكو. pic.twitter.com/O9f765feyH'],['Sway4sport']
['2018-10-28 23:24:10+00:00'],['سبورت رافينيا عوض ميسي بالشكل المثالي! في الكلاسيكو لعب رافينيا بطريقة هجومية مثالية في الشوط الاول، وانتقل بين الخطوط بطريقة رائعة، وفتح المساحات لزملائه، وجمع بين السرعة والاحساس السليم باللعبة. في الشوط الثاني تولى بعض المهام الدفاعية ضد خطة لوبيتيغي. pic.twitter.com/oq8mjLSQvs'],['Sway4sport']
['2018-10-28 23:24:01+00:00'],['الموندو: ميسي نشر صورة على مواقع التواصل بصحبة نجم لقاء الكلاسيكو سواريز وهما يحتفلان بالفوز بشرب النبيذ. pic.twitter.com/lLsHJShSVo'],['forcabarca_ar']
['2018-10-28 23:23:26+00:00'],['#شرح_النكتة : الجملة قالتها فيبي لما كانت بتعمل مساج لمونيكا ومونيكا بتطلع أصوات كدا فهو عاز الكلاسيكو ولعب الكلاسيكيو وخسر ٥-١'],['theanalaa']
['2018-10-28 23:23:16+00:00'],['الكلاسيكو مع كريستيانو .. ٥-٠ خارج ملعبك ٤-٠ على ملعبك ٣-٠ على ملعبك https://twitter.com/FCBW_A7/status/1056632790488416257 …'],['4lycan']
['2018-10-28 23:22:56+00:00'],['المدريدي اخذ هذا التصريح كـ فخر ولكن فالحقيقه هذه العقليه هي من تجعل لاعبين برشلونه يدخلون الكلاسيكو وكأنها حرب حتى لو كان هناك خلاف في غرفة الملابس او مع المدرب او اي ظرف من الظروف https://twitter.com/RM4Arab/status/1056651405270941697 …'],['Fheedalsahli']
['2018-10-28 23:22:48+00:00'],['#برشلونه_ريال_مدريد اهداء لكل برشلوني جاهل في تاريخ الكلاسيكو pic.twitter.com/jVo9mN5oky'],['mushari7070']
['2018-10-28 23:22:47+00:00'],['بصراحة كنت جاى اتفرج على الكلاسيكو بين برشلونة و ريال مدريد شكله اتأجل اصل لقيت برشلونة بيلعب قدام السنبلاوين #خمسة_علينا #الكلاسيكو'],['MinaMag44840083']
['2018-10-28 23:22:14+00:00'],['أرقام كارثية لـ إيسكو في الكلاسيكو: سدد مرتين فقط باتجاه مرمى البارسا، ولكن خارج الاخشاب، أكثر من لديه تمريرات خاطئة (9) مرات، خسر 19 كرة، مراوغة واحدة صحيحة، ومراوغتين فاشلتين، ارتكب 4 اخطاء ضد البارسا pic.twitter.com/eIL7Xyp1eg'],['Sway4sport']
['2018-10-28 23:20:50+00:00'],['كوتينهو لاينتقد يافاهمين الكوره مباراه اشبيليه اول من افتتح التسجيل كذالك الكلاسيكو'],['Salhajeri7']
['2018-10-28 23:19:55+00:00'],['@_HILALY_ حبيبت اذكرك الكلاسيكو بعد 4 ايام الهلال والمريخ.'],['A_1ii1']
['2018-10-28 23:19:55+00:00'],['سأظل أتعلم من الحياة حتى أصل إلى مستوى يليق بي وسأظل أخطئ حتى أتقن ما أريد تعلمه ..!". #ساعتين_شرين #الكلاسيكو #الكويت'],['BRONZ965']
['2018-10-28 23:19:48+00:00'],['الحمدلله ان متفرجتش ع الكلاسيكو النهاردة لأن مكنتش هستحمل اشوف الريال بيخسر بالخمسة.... بيريز من زمان وانا بقول اقذر مدير للريال ف التاريخ والنهاردة وضح فرق رونالدو وزيدان.... hala Madrid'],['AhmedMu12807201']
['2018-10-28 23:19:45+00:00'],['نفس اللي اتوقعه بس والله لوبتيغي بعد كل هالمهزلة مفروض يقيلونه بعد الكلاسيكو مباشرة'],['xeutiv']
['2018-10-28 23:19:32+00:00'],['تشكيلة فريق ريال مدريد المحتملة في الكلاسيكو ضد برشلونة بقيادة الويلزي غاريث بيل https://barcelonabelarabi.info/?p=1225 pic.twitter.com/YicmIVpFiN'],['asdaalwatan']
['2018-10-28 23:18:52+00:00'],['يخوانا الكلاسيكو من غير ميسي نقصة حاجة برضه واللة'],['Abrahem7oda']
['2018-10-28 23:18:49+00:00'],['اتفضل الكلاسيكو وعليه 5 اهداف'],['ahmt_FCB']
['2018-10-28 23:18:37+00:00'],['الكلاسيكو برشلونة و ريال مدريد I احصائيات و ارقام رهيبة في مباريات الكل... https://youtu.be/-DxEj3ShtGA via @YouTube'],['anlm111']
['2018-10-28 23:18:34+00:00'],['فرحة بيكيه وصدمة راموس في أبرز ردود الأفعال عقب الكلاسيكو https://twitter.com/i/events/1056626203711303680 …'],['FCB_MSN500']
['2018-10-28 23:18:18+00:00'],['قالوا ( احضروا لنا الكلاسيكو ) مرتين المرتين كلوا خمسة مرة نضيفة ومرة واحد'],['Qin0o']
['2018-10-28 23:18:18+00:00'],['لوبيتيجي يودع لاعبيه عقب الكلاسيكو https://goo.gl/kXaHKY'],['koorapress']
['2018-10-28 23:18:14+00:00'],['لحد دلوقتي مش قادر استوعب نتيجه الكلاسيكو.. مع اني عارف ان دي نتيجه طبيعيه بعد العك الي شفناه من اول الموسم . وانها مش مشكله مدرب بس وهيبقي ضحيه الفضيحه دي وع العموم هو متوقع الريال يوقع بس مش للدرجادي نهائيا!!!'],['nmnm_mohamed']
['2018-10-28 23:17:50+00:00'],['الكلاسيكو'],['right99']
['2018-10-28 23:17:33+00:00'],['سيبه يا كريستيانو يعتمد علي نفسه #الكلاسيكو #ElClásico #ForçaBarça #برشلونة_ريال_مدريدpic.twitter.com/XjbvAggfLj'],['hobaaa_magdy']
['2018-10-28 23:17:27+00:00'],['اخر ١٥ سنة بتاريخ الكلاسيكو لاعبين سجلوا هاترك و هم ميسي و سواريز .. pic.twitter.com/iLMV9rHDtT'],['GZIAxx']
['2018-10-28 23:17:25+00:00'],['#الكلاسيكو چنت مدلل شجابني للضيم pic.twitter.com/0aV743ix0Y'],['al3bd_za']
['2018-10-28 23:16:59+00:00'],['جميع البرازيليين الذين سجلوا مع برشلونة في #الكلاسيكو (بالترتيب): > ايفاريستو > روماريو > رونالدو > جيوفاني > ريفالدو > أندرسون > رونالدينيو > داني ألفيس > نيمار > كوتينهو pic.twitter.com/rL8kLL2zsx'],['Sway4sport']
['2018-10-28 23:16:59+00:00'],['اهداف الكلاسيكو كامله ، الخخمسةة فرصة للاستمتاع باذلال كلاب مدريد .. pic.twitter.com/yAev2275kK'],['AAlhizam']
['2018-10-28 23:16:54+00:00'],['هو ما كسبش الكلاسيكو ده هتك عرض الكلاسيكو'],['ehabalsaeed1996']
['2018-10-28 23:16:50+00:00'],['ههههههههههههه اكييييد مستحيل نشجع نادي غير انتر وعندي كره للبرشا زي باقي الأنديه اللي انافسوا فيهم بس هالشي مايخلينيش نشجع الريال ف الكلاسيكو'],['Alawe_AlHamil']
['2018-10-28 23:16:03+00:00'],['الحمدلله دايماً البرسا في الكلاسيكو كعبه عالي وهذي شخصية بناها مع بيب و الى اليوم الفضل له الأصلع مع جيل عظيم ومبروك فوز البلوز اما كورتوا ماله دخل فريقه كله ضايع'],['1tti7']
['2018-10-28 23:15:36+00:00'],['ماجد قله يا عم علشان ما اتغاباش عليه هو و فالفيردى بتاعه ده مش علشان كسب الكلاسيكو هسامحه يعنى'],['Elshobary_A']
['2018-10-28 23:15:18+00:00'],['@realmadridarab #الكلاسيكو #ElClásico #ForçaBarça #برشلونة_ريال_مدريد pic.twitter.com/brJPCUGA4W'],['hobaaa_magdy']
['2018-10-28 23:15:13+00:00'],['بقالنا 3 مواسم مرة 4 ومرة 3 ومرة 5 الواحد زهق #الكلاسيكو #ElClásico #ForçaBarça #برشلونة_ريال_مدريد'],['hobaaa_magdy']
['2018-10-28 23:14:58+00:00'],['خیلی جواب میده حتی اگر الکلاسیکو باشه'],['Stern_DerFCB']
['2018-10-28 23:14:52+00:00'],['يلا ربع ساعه ضايل مين بتشجعوب الكلاسيكو ؟ ١. ريال مدريد ٢. برشلونه — https://lap78.ask.fm/igoto/45DKECPW7B667HQMHN2IG6NM6KDDLKIISH5KXCN6BX62BYFIRBZZOZSIFBG4ARZ2KGZPYGKEA4YFKEQPY43OA7PQPXYJZAR4WADRBPSOBVOTSMP6GWOCQ27RTGTO7XSURD2YCHA63XFWDHGDLCBQM43A6HAGR4EUY3LAP6TNWK2OEUUDLFOUVQHX5FR2P3XGTIUKEOQF7U====== …'],['mohdrsh']
['2018-10-28 23:14:22+00:00'],['الكلاسيكو برشلونة و ريال مدريد I احصائيات و ارقام رهيبة في مباريات الكلاسيكو:'],['anlm111']
['2018-10-28 23:14:11+00:00'],['ابن خالي كان بيتفرج معايا علي الكلاسيكو وكان جاي بتيشرت الريال ولما الريال كانت خسرانة 2/0 قالي خبي علم الريال ولما الشوط خلص راح غير التيشرت ولبس تيشرت برشلونة وقعد يتحظ علياا pic.twitter.com/WynAjMLIUy'],['Ramadan35174024']
['2018-10-28 23:14:04+00:00'],['الكلاسيكو هذا اثبت فيه سواريز انه مهاجم عظيم وبالنسبه لي من افضل ٥ مهاجمين ف التاريخ يخرب بيته'],['salmotp8']
['2018-10-28 23:13:14+00:00'],['كبار الكرة السعودية فهما من انجب ماجد والسومة وديجا وجوليانو وسوزا واحمد موسى وامرابط ودياز هما الكبيران بحق وحقيقة إن العالم العربي يترقب هذا الكلاسيكو الفخم المميز.. صراع على قمة الصدارة في الدوري السعودي..! بالتوفيق .. #كلاسيكو_السعوديه_نصر_اهليpic.twitter.com/cRmMPYb68K'],['Dr_fores']
['2018-10-28 23:12:48+00:00'],|['ردة فعلي على لقاء الكلاسيكو برشلونة ريال مدريد ||أين إختفوا ؟ https://youtu.be/hGOrubbvs3s عبر @YouTube']|,['leo10messi1889']
['2018-10-28 23:12:27+00:00'],['من اجواء الكوليز بعد نهاية الكلاسيكو .. pic.twitter.com/hvUjTAagBD'],['mrh_000']
['2018-10-28 23:12:20+00:00'],['اي فريق يدخل الشوط الثاني وهو خاسر لا بد تكون له ردة فعل حتى لو ليفانتي او هويسكا فكيف الكلاسيكو ؟؟ صحيح الريال قدم 20 دقيقة سجل هدف واضاع فرص ولكن هذا لا يقلل من فوز #برشلونة بالخماسية او انها لا تعكس سير المباراة ولا ننسى ان البرسا كان يستحق اكثر من هدفين في الشوط الاول !!!!'],['barca_is_enough']
['2018-10-28 23:11:31+00:00'],['@realmadridarab #الكلاسيكو #ElClásico #ForçaBarça #برشلونة_ريال_مدريدpic.twitter.com/H5Irjr14Vp'],['hobaaa_magdy']
['2018-10-28 23:11:15+00:00'],['أبرز نتائج البرسا في ”الكلاسيكو” أخر 10 مواسم : • 6-2 • 5-0 • 4-0 • 3-0 • 5-1 اذلال خضوع سمها ماشئت .. لكن الحقيقة أصبحنا ندخل مباريات ”الكلاسيكو” كـ مُجرد تمرين ترفيهي للاعبين :( .. إهانة الريال أصبحت من تقاليد الكلاسيكو السنوية pic.twitter.com/ZBBAFZUyRn'],['72ar_0']
['2018-10-28 23:10:37+00:00'],['من قلب #الكلاسيكو 28/10/2018 pic.twitter.com/qOJ9y0tLsU'],['EnasMusa88']
['2018-10-28 23:10:31+00:00'],['مانشجعش ف الريال انا راهو نشجع ف الأنتر وف الكلاسيكو ديما نشجع ف برشلونة من ايامات رونالدينهو'],['Alawe_AlHamil']
['2018-10-28 23:10:29+00:00'],['ريال مدريد النهاردة #الكلاسيكو #ElClásico #ForçaBarça #برشلونة_ريال_مدريدpic.twitter.com/agjOUC6qPl'],['hobaaa_magdy']
['2018-10-28 23:10:16+00:00'],['ملخص مطول لمباراة الكلاسيكو ... https://www.facebook.com/100000243004642/posts/2520739794610763/ …'],['afza80']
['2018-10-28 23:09:23+00:00'],['“خماسية برشلونة في الكلاسيكو وسقوط ريال مدريد في ملخص اليوم الأثنين” https://twitter.com/i/moments/1056683464530055168 …'],['ReyadaCom']
['2018-10-28 23:08:55+00:00'],['تجمع الكلاسيكو #libya_blancos_benghazipic.twitter.com/SpP9TT1ohc'],['AsloomaSasi']
['2018-10-28 23:08:26+00:00'],['تو خود شهر بارسلون مردم الکلاسیکو کیرشونم نیست اونوقت ددتا کاربر از اسفراین و گناباد اینجا دارن همو پاره میکنن بابا حمع کنین برین کشتی با جوخه تون رو ببینید گوزوها.'],['lashtoowr']
['2018-10-28 23:07:37+00:00'],['مبروووك لعشاق المتعه برشلونه الفوز الكبير في الكلاسيكو بخماسيه تاريخيه #برشلونه_ريال_مدريد'],['alsly10']
['2018-10-28 23:07:02+00:00'],['ملخص الكلاسيكو صاعقه برشلونه علي ريال مدريد 5/1 و هاتريك... http://youtu.be/pd309heqkCY?a'],['mohamedmido1411']
['2018-10-28 23:05:57+00:00'],['أحلى حاجة جماهير برشلونة متفاجئين بالنتيجة، تقول أول مرة يفوزوا ب 5 في الكلاسيكو'],['ALOLMOH']
['2018-10-28 23:05:56+00:00'],['أرقام كارثية لـ إيسكو في الكلاسيكو: سدد مرتين فقط باتجاه مرمى البارسا، ولكن خارج الاخشاب، أكثر من لديه تمريرات خاطئة (9) مرات، خسر 19 كرة، مراوغة واحدة صحيحة، ومراوغتين فاشلتين، ارتكب 4 اخطاء ضد البارسا، pic.twitter.com/WlhPOBnQjo'],['BarcaArabNet']
['2018-10-28 23:05:25+00:00'],['barcelona news - اخبار البارسا اليوم الأحد 21/10/2018 : رسميا .. ريال مدريد يفقد نجمه في الكلاسيكو http://dlvr.it/Qp22rm pic.twitter.com/79Z6tPzhmv'],['5H_YHrY68']
['2018-10-28 23:04:12+00:00'],['باريس سان جيرمان يحسم الكلاسيكو أمام أولمبيك مارسيليا بهدفين دون رد. #الهداف #الكلاسيكو'],['elheddafjournal']
['2018-10-28 23:03:59+00:00'],['أعجبني فيديو @YouTube على http://youtu.be/8DtF1M5OflA?a فضيحة في الكلاسيكو ، عودة البرسا'],['mohammmedprince']
['2018-10-28 23:03:56+00:00'],['والله اتمنيتك تكون المعلق على الكلاسيكو افضل معلق عربي'],['Ramiram95984419']
['2018-10-28 23:03:49+00:00'],['غياب ميسي اعطى ثقه كبيره للعضاض ، وهو رجل الكلاسيكو'],['7aso0on7000']
['2018-10-28 23:02:54+00:00'],['عبدالله أشكناني: ألف فوز في الكلاسيكو.. لا يعادل بطولة "أبطال" واحدة #برشلونه_ريال_مدريد .. #ElClasico .. #كلاسيكو_الارض #ون_تو .. اشترك في #قناة_atv وفعل خاصية التنبيه http://goo.gl/WeShp5 pic.twitter.com/8o1KKFl5Sk'],['atvkw']
['2018-10-28 23:02:47+00:00'],['حزين ان فاتني ماتش الكلاسيكو'],['mhamadelsaid']
['2018-10-28 23:02:32+00:00'],|['الموندو ديبورتيفو || شاهد كيف عاش ميسي خماسية الكلاسيكو في كامب نو. http://shr.gs/QoAIYFT']|,['zrhoni_mohamed']
['2018-10-28 23:02:21+00:00'],['كان يلاعب تشافي وانيستا وافضل تشكيل في تاريخ برشلونة برفقة بنزيما وعاهات كرة القدم اذا لم تعرفه ماذا فعل اسال عن اكثر من سجل في كامب نو في تاريخ الكلاسيكو'],['HAYDER_JABBAR10']
['2018-10-28 23:02:04+00:00'],['اهداف الكلاسيكو برشلونة vs ريال مدريد: http://youtu.be/3ZHhFciiJhw?a عبر @YouTube'],['joughou']
['2018-10-28 23:01:50+00:00'],['الله يبارك فيك يا قلبي عادات وتقاليد كل موسم ندعسهم سواريز صراحة الجمنا بس يارب يستمر والمهم الألقاب والحصاد الكلاسيكو مجرد ٣ نقاط ومتعودين'],['1tti7']
['2018-10-28 23:01:30+00:00'],['فيدال بعد الهدف الخامس ضد الريال... الصرخة هذه رسالة انتقام #الكلاسيكو pic.twitter.com/jchcv1ToyU'],['ameeno1994']
['2018-10-28 23:00:22+00:00'],['ماذا قالت الصحف الإسبانية عن سقوط ريال مدريد في الكلاسيكو ؟ – في الملعب https://kora-sa.com/2018/10/29/%d9%85%d8%a7%d8%b0%d8%a7-%d9%82%d8%a7%d9%84%d8%aa-%d8%a7%d9%84%d8%b5%d8%ad%d9%81-%d8%a7%d9%84%d8%a5%d8%b3%d8%a8%d8%a7%d9%86%d9%8a%d8%a9-%d8%b9%d9%86-%d8%b3%d9%82%d9%88%d8%b7-%d8%b1%d9%8a%d8%a7%d9%84-4/20661/ …pic.twitter.com/hObPTl1B5p'],['OstoraPlus']
['2018-10-28 23:00:09+00:00'],['سلام عليكم كيف حالكم يا شباب الكلاسيكو كان الساعه كام لو سمحتو ؟!'],['IslamAlsayed']
['2018-10-28 22:59:57+00:00'],['شاهد أهذاف الكلاسيكو برشلونة و ريال مدريد اليوم 10/28/2018 http://bit.ly/2zb3hUT pic.twitter.com/eXlMDkQVel'],['GolasYalla']
['2018-10-28 22:59:54+00:00'],['قالها الشوالى زمان.صفر سيدي الحكم وانقذ مدريد واليوم يعلنها تدخل الحكم وانقذ مدريد #الكلاسيكو مباشر #برشلونة #برشلونه_ريال_مدريد'],['Zaza56109192']
['2018-10-28 22:59:41+00:00'],['قبل السقوط الخماسي.. تعرف على أثقل 10 هزائم سابقة لريال مدريد في الكلاسيكو https://yalla7ml.com/%d9%82%d8%a8%d9%84-%d8%a7%d9%84%d8%b3%d9%82%d9%88%d8%b7-%d8%a7%d9%84%d8%ae%d9%85%d8%a7%d8%b3%d9%8a-%d8%aa%d8%b9%d8%b1%d9%81-%d8%b9%d9%84%d9%89-%d8%a3%d8%ab%d9%82%d9%84-10-%d9%87%d8%b2%d8%a7%d8%a6/ …pic.twitter.com/AT8IHOj0jc'],['yalla7ml']
['2018-10-28 22:59:36+00:00'],['وأنت تشاهد مرمطة الريال في الكلاسيكو تذكر.. أخر ثمان كلاسيكوهات لمورينيو: أربع انتصارات.. وثلاث تعادلات وخسارة وحيدة كانت في ذهاب كأس السوبر الذي فاز به ريال مدريد... pic.twitter.com/iJZpAQqbkD'],['BaderM_']
['2018-10-28 22:59:12+00:00'],['https://bit.ly/2O8Cxd6 #جمال_خاشقجي #برشلونه_ريال_مدريد #الكلاسيكو #FCBRMA #ElClasico #Madrid #Lopetegui #BarcaRealMadrid'],['a9ssawi']
['2018-10-28 22:59:02+00:00'],['نروح نبقي نسمع الملخص بتاع الكلاسيكو علي رواقه بصوت كل معلقين العالم'],['M7md3bdalla96']
['2018-10-28 22:58:32+00:00'],['اطلع من صدمة الكلاسيكو ادخل في صدمة الميد و العكس والله العظيم من اسوأ ايام حياتي فعلياً الله يعدي هالفترة على خير'],['FahadAziz90']
['2018-10-28 22:58:23+00:00'],|['الموندوديبورتيفو || شاهد كيف عاش ميسي خماسية الكلاسيكو في كامب نو. http://shr.gs/QoAIYFT']|,['BarcaArabNet']
['2018-10-28 22:57:36+00:00'],['التايم لاين كسر حنك الكلاسيكو بدري #بديهيات'],['omermining']
['2018-10-28 22:57:28+00:00'],['مستنى حلقة الكلاسيكو جدا'],['MustafaMzzm544']
['2018-10-28 22:57:17+00:00'],['#برشلونه_ريال_مدريد ملخّص الكلاسيكو pic.twitter.com/6VZlD03mvI'],['Bin_Khaled_20']
['2018-10-28 22:56:37+00:00'],['اهداف مُباراة الكلاسيكو كاملة pic.twitter.com/vZuiSOPJ3j'],['iiBader88']
['2018-10-28 22:56:16+00:00'],['اجمل شخصية في العالم بيكيه اذا انتصر في الكلاسيكو ابو ميلان روح برشلونه مهما تراجع مستواه لكن يبقى له مكانه خاصة هذا المدافع ومن افضل المدافعين اللي شفتهم في كرة القدم pic.twitter.com/azm5f3M6to'],['iadelq']
['2018-10-28 22:56:06+00:00'],['ولی امسال سال زیباییه، نه دیگه از کل کل کسشر بین مسی و رونالدو خبریه و نه دیگه با الکلاسیکو میگانمون. خدایا شکرت'],['ImnIrdst']
['2018-10-28 22:55:31+00:00'],['نتفرج علي ملخص الكلاسيكو وننام ف سلام'],['m7m0ud3skar']
['2018-10-28 22:55:25+00:00'],['حضرتك قصدك على ماتش الكلاسيكو ؟'],['diasty91']
['2018-10-28 22:55:24+00:00'],['RMC تقول ان مبابي و رابيو كانوا يتابعون الكلاسيكو و تاخروا دقيقتين بس عن اجتماع توخيل مع الاعبين'],['basim__24']
['2018-10-28 22:55:10+00:00'],['المصائب تنهال على ريال مدريد بعد الكلاسيكو https://goo.gl/omz5ZY'],['koorapress']
['2018-10-28 22:54:52+00:00'],['كم افتقد الكلاسيكو لك ياصديقي في الليله العتماء افتقدنا البدر ريال مدريد يفتقدك ياصديقي أنا افتقد يا معشوقي pic.twitter.com/c3OTW8cHGw'],['MahmoudShahin74']
['2018-10-28 22:54:39+00:00'],['كلنا شفنا التدخل وكلنا عارفين انها طرد لو كان راموس بس هذي ماهي اول حادثه في الكلاسيكو ما احب اتكلم عالتحكيم الفريق تعيس مرهق ومدرب ضايع'],['r0mari011']
['2018-10-28 22:54:36+00:00'],['لو اني منه ماعاد العب الكلاسيكو مره ثانيه ،، سته وخمسه واربعه ،، ماضي غابر وحاضر منعوج و مستقبل سيء انشاءالله pic.twitter.com/WydMISEnXj'],['a6laq1']
['2018-10-28 22:54:21+00:00'],['على العكس تماما المباراه كانت مثيره جدا ،، الكلاسيكو يبقى الكلاسيكو'],['itsnotm57239000']
['2018-10-28 22:53:41+00:00'],['أبرز نتائج البرسا في ”الكلاسيكو” أخر 10 مواسم : • 6-2 • 5-0 • 4-0 • 3-0 • 5-1 اذلال خضوع سمها ماشئت .. لكن الحقيقة أصبحنا ندخل مباريات ”الكلاسيكو” كـ مُجرد تمرين ترفيهي للاعبين :( .. إهانة الريال أصبحت من تقاليد الكلاسيكو السنوية pic.twitter.com/PeYW2X9sO3'],['L1HFC']
['2018-10-28 22:53:36+00:00'],['برشلونة يسحق ريال مدريد 5-1 فى الكلاسيكو الأسباني https://www.kooraarabia.com/66964'],['koora_spain']
['2018-10-28 22:53:22+00:00'],['اعتقد ان عثمان ديمبيلي بحاجة الى المباريات الكبيرة لكي يعود ديمبلي الذي نعرفه بحاجة الى فرصة اكبر في مباراة كبيرة.. تذكروا مباراة تشلسي الموسم الماضي في دوري الابطال في الكامبنوه وايضا مباراة اليوم كان متوازنا ومهاريا وحاسما فور نزوله.... #برشلونه_الريال #الكلاسيكو pic.twitter.com/mB1wpYgbL6'],['ameeno1994']
['2018-10-28 22:52:58+00:00'],['مارسيلو لعب الكلاسيكو مصاب وسجل هدف للمره الثالثة على التوالي اعجز عن وصفك . https://twitter.com/SALMAN_RM7/status/1054846356270006273 …'],['SALMAN_RM7']
['2018-10-28 22:52:51+00:00'],['سبورت من الصين وعبر قصص الانستغرام، باولينيو يهنئ سواريز على تسجيله الهاتريك في الكلاسيكو. pic.twitter.com/ySifo9AvrO'],['BanNet_Media']
['2018-10-28 22:52:30+00:00'],['صور : هكذا كانت ردود أفعال رونسيرو خلال الكلاسيكو http://hihi2.com/2018/10/28/p1111878.html …'],['Nourddi50548038']
['2018-10-28 22:52:15+00:00'],['@DidiTajedinee @ye78ih_ @md_chkh @badoorta هل شاهدتم الكلاسيكو اليوم ، ماهي أبرز الملاحظات وخصوصا علي أداء الريال ؟ وماهو رأيكم في المدرب الجديد كونتي هل سيأتي بالجديد ؟ مداخلاتكم تشرفني علي هذه الصفحة..'],['JiddouMohamed9']
['2018-10-28 22:52:10+00:00'],['افشخ تعليق ع الماتش ناتش صاحب مقله و راموس يروح لصلاح شايل كفنه وجاريس بيل يشتغل كوافير حريمي #البنا ده اسطوره #الكلاسيكو https://www.facebook.com/633955861/posts/10156390560560862/ …'],['ElNiron']
['2018-10-28 22:51:52+00:00'],['في حلقه تحليل الكلاسيكو اليوم ولا ننام'],['Abaady94776146']
['2018-10-28 22:51:42+00:00'],['لينغلي.. عرف تماما واجباته تأقلم سريعا جعل في قلوب عشاق برشلونة بصمة خاص به .. يدافع بقوة وشراسه وهذا هو المطلوب ومن دون اخطاء .. لاعب بمواصفات غير عادية .. اعشقه #الكلاسيكو pic.twitter.com/E9PIRiBVun'],['ameeno1994']
['2018-10-28 22:51:02+00:00'],['أخبار نادي برشلونة: رقم مذهل لـ سيرجي روبيرتو في الكلاسيكو ضد ريال مدريد المزيد من التفاصيل: http://90kora.com/news/721265'],['buzzkoranews']
['2018-10-28 22:50:53+00:00'],['كنت بتفرج ع الكلاسيكو و مستحمل وسط أصحابي البرشلونية علشان نازل معاهم و عيب اني اسيبهم و انغص عليهم فرحتهم رغم أن معظم مشجعين مدريد مشيو و في عز م انا قاعد متحسر ع اللي بيحصل في الفريق و عيني ع الجانب المشرق... https://www.facebook.com/100002401406287/posts/1916407735115921/ …'],['mustafathe1']
['2018-10-28 22:50:32+00:00'],['المهم الكلاسيكو لي سكنتوو بيه مافيش متعة بكل'],['ZAldibany']
['2018-10-28 22:49:41+00:00'],['ابطال الكلاسيكو pic.twitter.com/llVI4Pa7iD'],['95nahian']
['2018-10-28 22:48:49+00:00'],['سبورت رافينيا عوض ميسي بالشكل المثالي! في الكلاسيكو لعب رافينيا بطريقة هجومية مثالية في الشوط الاول، وانتقل بين الخطوط بطريقة رائعة، وفتح المساحات لزملائه، وجمع بين السرعة والاحساس السليم باللعبة. في الشوط الثاني تولى بعض المهام الدفاعية ضد خطة لوبيتيغي. pic.twitter.com/4tPp7GZcWU'],['zrhoni_mohamed']
['2018-10-28 22:48:39+00:00'],['انا ما تكلمت عن فقدان كرس في الكلاسيكو ركز على كلامي بن خالتي.'],['basel_ah7']
['2018-10-28 22:48:37+00:00'],|['SP || كسر الكلاسيكو pic.twitter.com/2SQoS40RYD']|,['nasronasro1988']
['2018-10-28 22:48:36+00:00'],['هو لو ضحكت على الميمز اللي ع الكلاسيكو ابقى خاين ؟'],['sobhy013']
['2018-10-28 22:48:35+00:00'],['سان جرمان يحسم الكلاسيكو ويرفع انتصاراته المتتالية الى 11 https://www.sports-leb.com/2018/10/29/%d8%b3%d8%a7%d9%86-%d8%ac%d8%b1%d9%85%d8%a7%d9%86-%d9%8a%d8%ad%d8%b3%d9%85-%d8%a7%d9%84%d9%83%d9%84%d8%a7%d8%b3%d9%8a%d9%83%d9%88-%d9%88%d9%8a%d8%b1%d9%81%d8%b9-%d8%a7%d9%86%d8%aa%d8%b5%d8%a7%d8%b1/ …pic.twitter.com/aJ1C4flI7s'],['sports_leb']
['2018-10-28 22:48:04+00:00'],['من شويه دخلت مطعم اجيب اكل لابويا لقيت واحد صاحبي متجوز قاعد مع واحده غير مراته وقبل ما أتكلم شاور لصاحب المحل وقاله حساب الباشا عندي الحمد لله حب الناس نعمة #كلام_نواعم #تيم_المشاغبين_وفولورز_للصبح #في_الكلاسيكو'],['a7medfoox']
['2018-10-28 22:47:38+00:00'],['I liked a @YouTube video http://youtu.be/8_xN9JR4HaQ?a ردة فعل برشلوني على الكلاسيكو / برشلونة * ريال'],['youcefyouyou276']
['2018-10-28 22:47:33+00:00'],['افتح يينى كتاب التاريخ واكتب عندك .. انه فى يوم الاحد الموافق ٢٨اكتوبر ٢٠١٨ ، اضاف برشلونه الخماسيه السادسه فى الكلاسيكو بدون سيد اللاعبين وبوجود الدفاع الحصاله فى اول المشوار ومع تألق لافت للبيستوليرو وباقى الرفاق ويغلق كتاب التاريخ لحين تدوين فضيحه اخرى والله المستعان'],['Muuller_23']
['2018-10-28 22:47:24+00:00'],['الي موجود يجي خاص واذا بتككلم عن الكلاسيكو لا تجي'],['7mod_alahli']
['2018-10-28 22:47:18+00:00'],['ملخص مباراة الكلاسيكو pic.twitter.com/B5APar1gVf'],['zrhoni_mohamed']
['2018-10-28 22:47:16+00:00'],['فاران لازم يركل خارج النادي خلاص وقته انتهى بعمر 26 حقق كل شيء ويلعب المباريات باسمه فقط ، خسارة السوبر خسارة الافيش خسارة ما قبل الكلاسيكو وخسارة الكلاسيكو فتش عن كل هذا ستجد لفاران بصمة واضحة فيه اما بخطأ قاتل او تراخي فاضح'],['Sir_3amed']
['2018-10-28 22:47:11+00:00'],['الكلاسيكو انتهى وانا هسى بحضن في المخده لو ارتبطنا كان بنحضن بعض ونبكى https://twitter.com/_ludain/status/1055198679634792449 …'],['M___Ammar']
['2018-10-28 22:47:05+00:00'],['كابوس فترة بيب للان يلاحقهم في الكلاسيكو مع تفوق طفيف للريال بس يبقى سؤال محير'],['irekko_10']
['2018-10-28 22:46:59+00:00'],['#اعادة_الكلاسيكو_بالقانون الفيديو هذا يختصر كل الكلام وسلامة فهمكمpic.twitter.com/0BdXcRAEby'],['YAHYA_ah1411']
['2018-10-28 22:46:33+00:00'],['انا شوف تغريده نزلتها عن الكلاسيكو عشان تعرف توجهي'],['a_pist']
['2018-10-28 22:46:30+00:00'],['توماس توخيل : الكلاسيكو ؟ انه شي كبير الاجواء استثنائية مباراة صعبة حتى الليلة التي تسبق المباراة صعبة الكلاسيكو هنا في الفيلودروم صعب ، تمتعنا كثيراً للننا فزنا وللمرة 11 توالي في الدوري كانت مباراة معقدة لان المستوى متقارب 1او2/0 هذا مانحتاج لنفوز انا سعيد واحب ان اهنئ فريقي .'],['Paris_Arabic']
['2018-10-28 22:46:22+00:00'],['سبورت رافينيا عوض ميسي بالشكل المثالي! في الكلاسيكو لعب رافينيا بطريقة هجومية مثالية في الشوط الاول، وانتقل بين الخطوط بطريقة رائعة، وفتح المساحات لزملائه، وجمع بين السرعة والاحساس السليم باللعبة. في الشوط الثاني تولى بعض المهام الدفاعية ضد خطة لوبيتيغي. pic.twitter.com/Sir3ibCoge'],['BarcaArabNet']
['2018-10-28 22:45:50+00:00'],['يبنى إحنا بتوع دوري الأبطال الكلاسيكو ده مش بيفرق معانا'],['AliKartab']
['2018-10-28 22:45:31+00:00'],['يوم كروي جميل وطويل وقمم كثيرة متنفس الوحيد وأهم هالقمم الكلاسيكو الأسباني مبروك لمن فاز وهاردلك لمن خسر #مباريات_اليومpic.twitter.com/eqBzkSCReP'],['habjer']
['2018-10-28 22:45:02+00:00'],['لما باريس كسب مارسيليا في الكلاسيكو 5/1 كله قعد يزيط وازاي كلاسيكو وماتش غريمين تقليديين وبتاع ويخلص 5/1 وكسم الضحك ماهو كسم الضحك فعلاً'],['MekawyIsHere']
['2018-10-28 22:45:00+00:00'],['ملخص وأهداف مباراة برشلونة ضد ريال مدريد فى الكلاسيكو 5 - 1 https://goo.gl/4778Ap'],['youm7']
['2018-10-28 22:44:48+00:00'],['#عاااجل تير شتيغن خرج غاضبا من الكلاسيكو واخبار عن نية الحارس فسخ عقده والرحيل عن برشلونة .. وذلك لانه اراد الصعود لمساندة الهجوم وتسجيل هدف .. لكن فالفيردي منعه من ذلك وقال له بصريح العبارة " تطلع نكوي ماماك pic.twitter.com/WD02fvENos'],['AbdellatifIrak1']
['2018-10-28 22:44:06+00:00'],['قبل السقوط الخماسي.. تعرف على أثقل 10 هزائم سابقة لريال مدريد في الكلاسيكو https://goo.gl/tSGG1y pic.twitter.com/Gb1D2A79fN'],['FilGoalNews']
['2018-10-28 22:43:56+00:00'],['الطيب الكلاسيكو حقنااا ماجبت طاااريه'],['MOHANADALGAMDi']
['2018-10-28 22:43:46+00:00'],['هل تعلم أن اليد الواحده لاتصفق ولكنها توضح نتيجة الكلاسيكو'],['salim58070147']
['2018-10-28 22:43:19+00:00'],['اي شخص مدريدي برشلوني اي شخص كان يقول الريال كان يخسر 5 مع كرستيانو ولا يقارن خسائر الريال في الكلاسيكو مع كرستيانو و بدون كرستيانو تحت نعالي'],['mi_116_do']
['2018-10-28 22:43:08+00:00'],['اتابع ملخص الكلاسيكو'],['turkiReus11']
['2018-10-28 22:43:05+00:00'],['هو اي نعم ،، ثانوي زفت اه بس ماتش الكلاسيكو اهم والاهم اكتتتر .. ماتش الاهلي انتي عارفه لو كنتي اتفرجتي ع ماتش الاهلي كان اي الىي حصل'],['afroto885']
['2018-10-28 22:42:46+00:00'],['اتابع ملخص الكلاسيكو'],['turkiReus11']
['2018-10-28 22:42:37+00:00'],['أشهد بالله أن ليل الشتاء طويل نمت ورا الكلاسيكو والحين قايم شبعان ها شصار على أخوانا المدريدين شنو جديدهم'],['6neeskens']
['2018-10-28 22:42:26+00:00'],['نازلين نشوف الكلاسيكو ف إحدي القهاوي ف بورسعيد و ايه بقي كنا هناكل علقه موت جون سواريز التالت.... لسه هقول حته أحمد فتحي لقيت كريم الله يصلح حاله لحقني و هوب هوب هوب منتچ يا باولو خالص @KaReemAbdRabou'],['alaamhmd_1997']
['2018-10-28 22:42:18+00:00'],['هل حقا لانك طالبت باعادة مباراة الكلاسيكو'],['H__2030__M']
['2018-10-28 22:42:14+00:00'],['لو تحط ملخص الكلاسيكو بتعلق راي هودسون الانجليزي اكون شاكر لك'],['mohy39275']
['2018-10-28 22:41:41+00:00'],['عبد المهدي فرصتك هالفترة الكلاسيكو شغال عال٢٤ ساعه ومنا اسرائيل ودول الخليج والعلاقات الشعبوية السرية اللي ظهرت للعلن #فرصتك ول ابوى عبر وزرائك الميليشياويين #ظلت_عليك'],['shahadaldeen']
['2018-10-28 22:41:37+00:00'],['J\'aime une vidéo @YouTube : "ملخص الكلاسيكو ريال مدريد و برشلونة 1- 5" à l\'adresse'],['abdelmoumenker1']
['2018-10-28 22:41:07+00:00'],['شاهد.. اهداف جميع المباريات الاوروبية بينها ثلاثية سواريز في الكلاسيكو http://bit.ly/2qfd34b'],['AlmustaqbalAUP']
['2018-10-28 22:41:06+00:00'],['لأول مرة منذ عشر سنوات لا أشاهد الكلاسيكو لانه ليس هناك أي شيء محفز كان يدعو لمشاهدة وأيضا لتوقعي قبل المباراة أن الريال سيخسر بنتيجة أقل شيء ثلاثة أهداف بعد المباراة تابعت الملخص وجدت فريق ريال مدريد بدون... https://www.facebook.com/100000787082297/posts/1918481358188082/ …'],['bassamalharazy']
['2018-10-28 22:40:54+00:00'],['هايلايت الكلاسيكو رو ديدم كاش موراتا هم ببينه پرفورمنس امشب سوارز رو يكم تو خلوت خودش فكر كنه و سعى كنه پولش رو حلال كنه'],['MohammadSe79']
['2018-10-28 22:40:32+00:00'],['والله ماتتطور رياضتنا وفيه هذا الظلم والمحاباة يا الاتحاد السعودي تراء الناس صارت تعرف كل شي لاتفشلونا الله يفشلكم وقادر ربي يطلع حق الاتحاد #اعادة_الكلاسيكو_بالقانون'],['renooo0777']
['2018-10-28 22:40:30+00:00'],['انا جدًا مفتون بـ دكة برشلونه. في الكلاسيكو شفنا كيف نزل ديمبلي وفيدال وصنع الفارق كل منهم هذي ميزة لمن يكون عندك دكة'],['iadelq']
['2018-10-28 22:40:00+00:00'],|['مباراة #برشلونة و #ريال_مدريد في الجولة العاشرة من #الدوري_الإسباني تشهد تسجيل 6 أهداف من توقيع 5 لاعبين من قارة أمريكا الجنوبية #برشلونة_ريال_مدريد #الكلاسيكو #ElClasico #عينك_على_الرياضة التفاصيل || http://bit.ly/2RjMTbQ pic.twitter.com/dOU0sArXl9']|,['alain_4u_sport']
['2018-10-28 22:40:00+00:00'],['عزيز الشافعي ينفجر غضبًا بسبب مباراة الكلاسيكو الإسباني https://goo.gl/hznppp #مصراوي #أخبار #مصر #masrawy #Egyptpic.twitter.com/JoxyUjitwK'],['masrawy']
['2018-10-28 22:39:42+00:00'],['“فرحة بيكيه وصدمة راموس في أبرز ردود الأفعال عقب الكلاسيكو” pic.twitter.com/eSt0xrxRin'],['ReyadaCom']
['2018-10-28 22:39:36+00:00'],['من عجائب كرة القدم انه المباراة التي تسمى بـ " كلاسيكو العالم " هي بالأساس مباراة بين متصدر الدوري وصاحب المركز السابع وصار التاسع #برشلونه_مدريد #الكلاسيكو'],['zezoshamre']
['2018-10-28 22:39:08+00:00'],['رايك في الكلاسيكو — كرة القدم اختراع ماسوني لإلهاء الشباب https://curiouscat.me/MostafaHassan/post/691019754?1540766348 …'],['MostafaTweets']
['2018-10-28 22:39:04+00:00'],['سبورت هاتريك لويس سواريز في مرمى ريال مدريد هو اهداء إلى اطفاله الثلاثة ... لاوتي، ديلفينا وبنجامين. اضاف المهاجم الاوروغواياني 159 هدفا مع البارسا بعد ثلاثيته في الكلاسيكو. pic.twitter.com/sNvQexmnIY'],['BarcaArabNet']
['2018-10-28 22:38:53+00:00'],['بيريز بيفكرني بمورينيو نفس الدماغ المريضة #الكلاسيكو #تيم_المشاغبين_وفولورز_للصبح'],['AhmdGmal5']
['2018-10-28 22:38:42+00:00'],['إحصائيات الكلاسيكو التاريخية: الأكثر تسجيلاً - ميسي 25 الأكثر أسيست - ميسي 14 الأكثر هاتريك - ميسي 2 الأكثر من سجل ثنائية - ميسي الأكثر فوزا - ميسي الأكثر رعبا - ميسي ملك الكلاسيكو هو سيدهم - ميسي #برشلونه_مدريد'],['zezoshamre']
['2018-10-28 22:38:39+00:00'],['ماتش الكلاسيكو .. برشلونه و ريال مدريد'],['afroto885']
['2018-10-28 22:38:09+00:00'],['يا جماعة ماتش الكلاسيكو ده يعلمنا أن العشم مهما وصل بيك ميخلكاش تتعشم فى حد زى بنزيما وجاريث بيل اللى هو عشم نتيجته ممكن تنتهى بسكتة قلبية دايركت .'],['mo7amedkandeel']
['2018-10-28 22:38:01+00:00'],['في كل تاريخك ما لعبت تمرين ضد البرسا والعكس صحيح ... آخر عشرات سنوات معظم مباريات الكلاسيكو ... برشلونة يجعل منه تمرين ترفيهي وسيرك كتالوني .... ويهزمك وبالرأفة'],['KAnoohi']
['2018-10-28 22:37:37+00:00'],['باقي عليك مهر الكلاسيكو عقيد،، نحن ابناء دير الزور رافعين رؤسنا فيك'],['jxrOO98nH6rVLwL']
['2018-10-28 22:37:26+00:00'],['ترتيب الدوري الإسباني بعد الكلاسيكو - برشلونة يواصل تصدره للدوري الإسباني برصيد 21 نقطة، بينما ريال مدريد في المركز التاسع برصيد 14 نقطة! pic.twitter.com/sVMP6wuQHw'],['RMA707RMA404']
['2018-10-28 22:36:54+00:00'],['هم عموماً كدا مجرد كرستيانو لكن الوضع بيختلف في الكلاسيكو'],['MakkawiAli1']
['2018-10-28 22:36:48+00:00'],['شفت الكلاسيكو والله الريال كان بيرجع للمباراه بس مدربهم باعها بزق'],['49_azzz']
['2018-10-28 22:36:37+00:00'],['يابني انا لما بكسب الكلاسيكو بفرح عادي زي ما انت فرحان و بتظيط و جامد فشخ دلوقتي فين بقى المؤامرات الكونيه في ان كل مشجعين الفرق التانيه شمتانه فينا و اننا احسن نادي في اوروبا و دايسين علي وش الكل فين الغلط في الكلام ده'],['WahiedMustafa']
['2018-10-28 22:36:34+00:00'],['ملخص الكلاسيكو ريال مدريد و برشلونة 1- 5 http://sk.mu/acutBf1Rje6i via @SkyrockOfficiel'],['abdelmoumenker1']
['2018-10-28 22:36:34+00:00'],['هل تعلم ان هدف جفرين في #الكلاسيكو ٥:٠ كان الهدف الخامس بالرأس و في كلاسيكو اليوم الهدف الخامس كان بالرأس أيضا، فيدال #برشلونة_ريال_مدريد'],['almohallabaa']
['2018-10-28 22:36:05+00:00'],['يا صاحبي لازم تاخد بالاعتبار ان ده ماتش الكلاسيكو و النتيجة كبيرة شوية فطبيعي اللي بيحصل'],['abohassan1907']
['2018-10-28 22:35:39+00:00'],['"ملخص الكلاسيكو ريال مدريد و برشلونة 1- 5" : http://youtu.be/5dmt6DBYVPM?a via @YouTube'],['abdelmoumenker1']
['2018-10-28 22:35:38+00:00'],["J'ai ajouté une vidéo à une playlist @YouTube - ملخص الكلاسيكو ريال مدريد و برشلونة 1- 5"],['abdelmoumenker1']
['2018-10-28 22:35:29+00:00'],['خرجت من الخدمة مع 15، جاي فرحان عنتفرج فالارسنال فالدار، موراه الكلاسيكو...اليونايتد و نكملوها بمارسيليا، ولكن ولاد ديلكلب ديال تصالات قطعو نت(مشكل فالخط) ، و مكين معامن دوي الحد هذا، خرج بحال الناس قلب على بلاصتك فالقهوة.'],['ma3andimangol']
['2018-10-28 22:35:11+00:00'],['عاجل: نتيجة مباراة الكلاسيكو برشلونة وريال مدريد في الدوري الاسباني وخماسية مذهلة https://www.alwzayef.com/ نتيجة-مباراة-الكلاسيكو-برشلونة-وريال/ مباراة ريال مدريد و برشلونة ا'],['alwzayefdotcom']
['2018-10-28 22:35:02+00:00'],['"الماركا" : لوبيتيغي ودع اللاعبين في غرفة تغيير الملابس بعد الكلاسيكو ..'],['koorapress']
['2018-10-28 22:34:17+00:00'],['رابع خماسية في تاريخ الكلاسيكو في الكامب نو'],['Hussein_QTRANI']
['2018-10-28 22:34:16+00:00'],['Current mood : شاهد جميع اهداف رونالدو في الكلاسيكو'],['amreissa_98']
['2018-10-28 22:34:06+00:00'],['"باريس سان جيرمان" يحسم الكلاسيكو بلدغات مبابي http://dlvr.it/Qpnxn4 pic.twitter.com/aIPVBicjNq'],['mssdr24']
['2018-10-28 22:33:26+00:00'],['هل فاز #برشلونة بتدخلات فالفيردي ؟ أم من سوء إدارة لوبيتغي ؟ تبديلات لوبيتيغي وكيف حوّلت مجرى المباراة #الكلاسيكو pic.twitter.com/QX6yzeVkwk'],['TalhaAhmad81']
['2018-10-28 22:33:18+00:00'],['الكلاسيكو'],['afb_real']
['2018-10-28 22:33:16+00:00'],['مانولاس رجال مو مثل قح** الكلاسيكو pic.twitter.com/InTDotuQj1'],['Rafillem']
['2018-10-28 22:33:10+00:00'],['مقتنع تماماً ، بالذات لمن المدرب يجرب لاعبين مثل سيبايوس و ثيو هيرنانديز (اول ظهور للاعبين) في الكلاسيكو و يخشو بديلين لأسينسيو و توني كروس . عرفت أين تكمن الرأفة يا حبيب'],['abu_ashoosh']
['2018-10-28 22:32:53+00:00'],['الريال مشكلته مش مشكلة مدرب خالص فريق بحجم ريال مدريد لازم يكون فيه نجم يتمحور ويلعب عليه الفريق لازم قبل ماكان يمشي كريستيانو كان يجيب بديل #الكلاسيكو'],['AdhamZiz']
['2018-10-28 22:32:49+00:00'],['رابط لأبرز أهداف مباراة الكلاسيكو 5-1: http://youtu.be/zFp816V424Q?a عبر @YouTube'],['MOUH19861']
['2018-10-28 22:32:22+00:00'],['بنزيما في الكلاسيكو pic.twitter.com/zBusMMQSOG'],['mohammed122171']
['2018-10-28 22:31:46+00:00'],['حالة انتشاء من الكلاسيكو'],['muhammadsamirr']
['2018-10-28 22:31:04+00:00'],['@issa_alharbain يا أسطورة التعليق ، يا رائع ، يا ملهم ، لم تعطنا رأيك حول الكلاسيكو الاسباني وياريت ماترد طلبي وتكتب شيء عن المباراة'],['Abdulwa40']
['2018-10-28 22:30:44+00:00'],['برشلونة يسحق الريال بخماسية في أول كلاسيكو إسباني لهذا الموسم http://bit.ly/2EMdrkE #برشلونة #ريال_مدريد #الكلاسيكو #اسبانيا #كرة_قدمpic.twitter.com/gTt3HelRh3'],['euronewsar']
['2018-10-28 22:30:42+00:00'],['مفيش حاجة ممكن تعكنن عليا اكتر من ان الإكس تحب جديد غير إن سواريز يحط في فرقتي هاترك و اني اخسر الكلاسيكو..'],['MoatazElprince1']
['2018-10-28 22:30:29+00:00'],['عجيب هالمشتاق باچر راح يأذي سعيد حجازي والسبه الكلاسيكو'],['Mandani16']
['2018-10-28 22:30:20+00:00'],['نهاية الكلاسيكو مثلما تعودنا كالعادة نتيجة تاريخية البعض يراها مفجأة لكن لو رجعنا للوراء قليلا نراها نتيجة عادية الريال عودنا دائما يخرج بفضائح في الكلاسيكو ، الريال حاول بعد هدف مارسيلو وكان قريب من ادراك التعادل ،'],['AtT49zPLEcOzQO7']
['2018-10-28 22:29:40+00:00'],['J\'aime une vidéo @YouTube : "رد فعل مدريدي متعصب على #الكلاسيكو ههه ليلة سوداء" à l\'adresse'],['Halimovich31']
['2018-10-28 22:28:48+00:00'],['صوتي تعب من كتر الزعيق في الكلاسيكو'],['theanalaa']
['2018-10-28 22:28:39+00:00'],['وش فيك حبيبي قاعد ادور عشاق الكيان بناقشهم بحاجه محد جاب طاري الكلاسيكو'],['_Siij0']
['2018-10-28 22:28:11+00:00'],['دخول ديمبيلي كان بوقت مناسب للامانة ننتقد فالفيردي كثيراً لكن في الكلاسيكو كان دقيق في اختياراته كان عندي تحفظ على تبديل كوتينيو لكن ربما شاهد انه مرهب ولا يؤدي جيداً وخاصة دفاعياً نمتلك اسماء وخيارات عديدة وهذا الشيء لابد من استغلالة لتحقيق الالقاب'],['AboNawaf_FCB']
['2018-10-28 22:28:06+00:00'],['#الكلاسيكو بين #حزب_الله والمتآمرين على عليه ما بنبيع مقاومتنا ولو #عحساب_صحتناhttps://twitter.com/salemzahran05/status/1055877234333044739 …'],['zoro43888436']
['2018-10-28 22:26:18+00:00'],['علي الرغم من فوز برشلونه في الكلاسيكو بنتيجه عظيمه جدا الا ان تعادل الاهلي في ماتش في بطوله وديه مخليني مضايق رغم ان انا اصلا كان نفسي نخرج منها ! علي الرغم من تشجيعي للبرسا الا ان الأهلي عندي في مكان تاني خااااالص #افريقيا_يا_أهلي'],['3laax74']
['2018-10-28 22:26:14+00:00'],['الكلاسيكو الخامس الذي ينتهي بخماسيه كتالونيه علي ملعب الكامب نو'],['elsha3rawy9999']
['2018-10-28 22:26:08+00:00'],['#برشلونه_ريال_مدريد_الكلاسيكو مع الدون وميسي : 5-0 مع الدون بدون ميسي :4-0 مع الدون و ميسي : 3-0 بدون الدون و ميسي : 5-1 وين المشكله #تايسونات'],['Mahmoudgamal990']
['2018-10-28 22:25:52+00:00'],['خماسية برشلونة في الكلاسيكو وسقوط ريال مدريد وفوز الكبار في الدوري الإنجليزي الأبرز في الأحد الكروي المشتعل pic.twitter.com/t8FV8Pqdc0'],['ReyadaCom']
['2018-10-28 22:25:45+00:00'],['#الاهلي في لقائي الفتح و وفاق سطيف... البارشا في الشامبيونز و الكلاسيكو... و اليوفي في الشامبيونز و الدوري حتى مانشستر أنتصر و كأن الكرة تصالحني بعد جفاء الاسبوع الماضي.... شكراشكرا'],['dodyalomdah']
['2018-10-28 22:25:42+00:00'],['الدرس المستفاد من الكلاسيكو عندما تاتيك الفرصة اغتنمها جيدا فانها قد لا تعود. افتكرت ماتش كاس السوبر اللي خلص ٢/٠ الموسم اللي فات للريال والريال كان بامكانه يجيب اكتر من ٦ اهداف لكن زيدان قرر تامين النتيجة واكتفي بذلك رغم ان دي كانت اسوا مباراه شفتها للبارسا'],['ahmedU396']
['2018-10-28 22:25:40+00:00'],['خماسية برشلونة في الكلاسيكو وسقوط ريال مدريد وفوز الكبار في الدوري الإنجليزي الأبرز في الأحد الكروي المشتعل pic.twitter.com/M8agsWBuSY'],['ReyadaCom']
['2018-10-28 22:25:25+00:00'],['بين الامس و اليوم #الكلاسيكو #برشلونة_ريال_مدريدpic.twitter.com/Rj3dhra70S'],['almohallabaa']
['2018-10-28 22:25:23+00:00'],['خماسية برشلونة في الكلاسيكو وسقوط ريال مدريد وفوز الكبار في الدوري الإنجليزي الأبرز في الأحد الكروي المشتعل pic.twitter.com/XWCrw0q9hO'],['ReyadaCom']
['2018-10-28 22:25:02+00:00'],['خماسية برشلونة في الكلاسيكو وسقوط ريال مدريد وفوز الكبار في الدوري الإنجليزي الأبرز في الأحد الكروي المشتعل pic.twitter.com/iAEvE35nWS'],['ReyadaCom']
['2018-10-28 22:25:00+00:00'],['صعب التوقع في مباريات الكلاسيكو اليوم يفرحون وبكره احنا نفرح بس الشاطر اللي يفرح بالآخر مبروك للبرشا وهاردلك للريال غلطة الشاطر بالف واعتقد هذي البداية للريال'],['r0mari011']
['2018-10-28 22:24:56+00:00'],['#تعى_نرجع_نتذكر كيف كان السوري يستقبل الكل واكبر مثال حرب 2006 #الكلاسيكو بين النازح السوري ودول العالم https://twitter.com/salemzahran05/status/1056521298753527809 …'],['zoro43888436']
['2018-10-28 22:23:42+00:00'],['هاتريك وكمان فى الكلاسيكو ما احلى هذا اليوم عند سواريز'],['ahmed34430308']
['2018-10-28 22:23:28+00:00'],['الكلاسيكو : 240 مباراة 95 فوز برشلونة 95 فوز ريال مدريد 50 تعادل وال !.'],['mohannadsharqa1']
['2018-10-28 22:23:05+00:00'],['الدوري الإسباني: "برشلونة" يحسم الكلاسيكو ويكسب "مدريد" بخماسية http://dlvr.it/Qpnw3z pic.twitter.com/qchbuz53Lg'],['9adaalsham']
['2018-10-28 22:22:30+00:00'],['ايوه انسى الكلاسيكو خلينا مع الهلال'],['Ahmed_loca7']
['2018-10-28 22:22:15+00:00'],['أحلام برشلونية سعيدة #برشلونة #برشلونة_ريال_مدريد #الكلاسيكو'],['n_mooon66']
['2018-10-28 22:22:13+00:00'],['خماسية برشلونة في الكلاسيكو وسقوط ريال مدريد وفوز الكبار في الدوري الإنجليزي الأبرز في الأحد الكروي المشتعل pic.twitter.com/v0IkvcmL44'],['ReyadaCom']
['2018-10-28 22:22:01+00:00'],['أعمل بصمت مثل ( كوتينيو ) وأستفد من الفرص مثل ( سواريز ) لكن لاتكن ( بنزينا ) ، وإذا كنت مستقراً في عملك لاتغرك النفس وتذهب لأفضل ولكنه أصعب مثل ( كورتوا ) ، وأعلم أن غياب والدك عنك لايعني أنك لاشيئ ، كن مثل ( لاعبي برشلونه ) أوضحوا للعالم أن برشلونه ليس ميسي فقط #الكلاسيكو'],['abo3bdalah61']
['2018-10-28 22:21:58+00:00'],['الشعب العربي مشغولين ب الكلاسيكو مدريد وبرشلونه ومشغولين بالسهرات والحكومات لا تسمع ولا ترى ولا تتكلم'],['samisai41822059']
['2018-10-28 22:21:55+00:00'],['ردة فعل مدريدية على الكلاسيكو - برشلونة ٥-١ ريال مدريد بدون ميسي https://youtu.be/lVDIhHLVD8g عبر @YouTube'],['hamadahamada133']
['2018-10-28 22:21:51+00:00'],['بوجبا و هو بيتفرج علي الكلاسيكو https://twitter.com/rimaz_ra/status/1056291648919998469 …'],['AdhamMamdouhh']
['2018-10-28 22:21:49+00:00'],['خليها ع الله بس ادخل دقيقه اشوف التايم كله ع الكلاسيكو واخرج اشتي انسي'],['AbariMukhtar']
['2018-10-28 22:21:20+00:00'],['"ملخص مباراة الكلاسيكو الفرنسي باريس سان جيرمان و مارسيليا 2-0 مبابي ينقذ'],['Neblikhale90Ntv']
['2018-10-28 22:21:19+00:00'],['خاص: سيكون في لقاء الكلاسيكو كارنفال ولوحات فنية جديدة وجميلة من مجلس جمهور النصر كونو بالموعد'],['ANASSR95']
['2018-10-28 22:21:18+00:00'],['أي ترقيع؟، سبق و تحدثت و انتقدت فالفيردي على مباريات سابقة هذا لا يعني اني لا امدحه فيما قدمه في الكلاسيكو، ما قدمه سابقا شيء وما قدمه في الكلاسيكو شيء آخر ..'],['Barccelonii']
['2018-10-28 22:21:05+00:00'],['رجال الكلاسيكو pic.twitter.com/H95pST8FDM'],['Zlantan_nista']
['2018-10-28 22:20:57+00:00'],['محامينا العزيز .. هل شاهدت الكلاسيكو !!'],['ALHAJRI_4s']
['2018-10-28 22:20:51+00:00'],['بعد خماسية الكلاسيكو من برشلونه بس ودي اعرف شنو شعور ايسكو لما قال لن نبكي على رحيل كريستيانو رونالدو pic.twitter.com/or5fK4RN1w'],['cristiano___C7']
['2018-10-28 22:20:51+00:00'],['انقنا اليوم شبعنا كورة وبما اني حضرتهن كلهن الحق مباريات كلهن كلاسيكو الا الكلاسيكو.'],['Saleh90210']
['2018-10-28 22:20:09+00:00'],['شفتوا شوية يلعب فوق القلب مع البياسجي اخ الفريق بين الكلاسيكو الاول وكلاسيكو فرنسا ضيع مسنقبله'],['yasmina153']
['2018-10-28 22:20:08+00:00'],['"رد فعل مدريدي متعصب على #الكلاسيكو ههه ليلة سوداء" : http://youtu.be/HAVvZ0eIstE?a via @YouTube'],['Halimovich31']
['2018-10-28 22:20:01+00:00'],['فقرة خلفيات الكلاسيكو ؟'],['Mt3b_fcb8']
['2018-10-28 22:19:44+00:00'],['خماسية برشلونة في الكلاسيكو وسقوط ريال مدريد وفوز الكبار في الدوري الإنجليزي الأبرز في الأحد الكروي المشتعل pic.twitter.com/yjj9M43OTA'],['ReyadaCom']
['2018-10-28 22:19:05+00:00'],['ههههههه البا يكره مدريد اكثر مايحب برشلونة والريال يبقى الريال وحتى لو خسر الكلاسيكو عشرة مواسم لقدام برشلونة مارح توصل الى 13 لقب أوروبي ولا 33 لقب محلي'],['ebnlibya69']
['2018-10-28 22:19:02+00:00'],['شوفوا ذي التغريده متى حاطها #الكلاسيكو_الاسباني #برشلونه_الريال'],['x_ooxxo']
['2018-10-28 22:18:54+00:00'],['يعني خسرنا الكلاسيكو الإسباني.. وفزنا بالكلاسيكو الفرنسي.. شي أحلى من بلا شي'],['itsgigi63']
['2018-10-28 22:18:24+00:00'],['شغال #الكلاسيكو بين الفساد و القضاء https://twitter.com/salemzahran05/status/1055006816445317125 …'],['alifakih770']
['2018-10-28 22:18:12+00:00'],['خلاص خلاص انت الصح يكوتش اطول حوار معك بس باقي بتكلم ما عمري شفت محلل جاي هشتاق الكلاسيكو ويقول ضروف الريال ويقول انا ماني مدريدي'],['OMRAN___77']
['2018-10-28 22:18:09+00:00'],['برشلونة كسبت الكلاسيكو بنتيجة تاريخية وبقرأ في رواية بدايتها مُبشرة لدرجة إني عايز أخلصها في مرة وينقصني حاجة واحدة وأكون سعيد حد السماء'],['isl_am7']
['2018-10-28 22:17:56+00:00'],['هو ليش اخر الأيام الكعبي صاير مرتبط فينا شكرًا استاذي ماتقصر بس نبي معلقين يفهمون ل جمهور الزعيم كافي علينا تعليقك ب كلاسيكو اتي و زعيم موت الكلاسيكو نص القيم نايم انا أطالب ب فهد العتيبي'],['budorshu']
['2018-10-28 22:17:45+00:00'],['عاذرك والله، شعور الخسارة ف الكلاسيكو وحش برضو'],['_AmrAlii']
['2018-10-28 22:17:19+00:00'],['#الكلاسيكو pic.twitter.com/Hp6PEmOwDd'],['wahidovich1']
['2018-10-28 22:16:55+00:00'],['على الرغم من أنه أول كلاسيكو من غير ميسى و رونالدو إلا أنه كان من أمتع ماتشات الكلاسيكو اللى شوفتها pic.twitter.com/fh0GYELO8t'],['solomezzat']
['2018-10-28 22:16:50+00:00'],['أجمل 3 صور من الكلاسيكو pic.twitter.com/DPSVOewfaK'],['MhMd__AI']
['2018-10-28 22:16:36+00:00'],['من يريد متابعة الكلاسيكو .. الاعادة الان على بي ان سبورت الفرنسية 2 pic.twitter.com/9pzxFYLCx1'],['BarcaCat99']
['2018-10-28 22:16:12+00:00'],['ردة فعل مدريدية على الكلاسيكو - برشلونة ٥-١ ريال مدريد بدون ميسي :'],['nabaadabbagh']
['2018-10-28 22:16:05+00:00'],['I added a video to a @YouTube playlist http://youtu.be/lVDIhHLVD8g?a ردة فعل مدريدية على الكلاسيكو - برشلونة'],['nabaadabbagh']
['2018-10-28 22:16:01+00:00'],["نبيل بنعبد الله 'الريالي' تابع الكلاسيكو الإسباني بملعب 'كامب نو' ببرشلونة - زنقة 20 https://wp.me/p9sZ4k-116m"],['Rue20ma']
['2018-10-28 22:15:50+00:00'],['الموسم الماضي سجل في الكلاسيكو رايح جاي وضد اتلتيكو وضد اشبيلية وفالنسيا وفياريال ، حتى ضد روما سجل .. هذا اللي اتذكره الحين .. لا تجيب لي مباريات ما سجل فيها وتقول خذلنا ، شي طبيعي ما يسجل كل مباراة'],['BaRCaLo0NY']
['2018-10-28 22:15:37+00:00'],['لو #عحساب_صحتنا مابنتخلى عن مقاومتنا #حزب_الله هم الغالبون ونتيجة #الكلاسيكو النا https://twitter.com/salemzahran05/status/1055877234333044739 …'],['sandydaher4']
['2018-10-28 22:15:32+00:00'],['ولی تا میتونین از این روزا لذت ببرین چون این روزا برای شما خیلی کوتاهن و ما همیشه بازگشتمون باعث زخمی شدن خیلیا میشه #الكلاسيكو #HalaMadridYNadaMas'],['Mohamadb16']
['2018-10-28 22:15:12+00:00'],['#بعد_الكلاسيكو الريال السعودي بقاله قيمة علي ريال مدريد'],['Aymansa88969779']
['2018-10-28 22:14:59+00:00'],['في لاعبين كثير نالوا المدح والتمجيد بعد مباراة الكلاسيكو إلا ارثور ما اعطوه حقّه .. متخيلين ان لاعب صغير يقود وسط برشلونة في الكلاسيكو بهذي الجرأه وهو اول مرّه يلعب القمّة !! والله محسودين عليه'],['sir_hassan10']
['2018-10-28 22:14:21+00:00'],['ايه الملل ده اما اتفرج على ملخص الكلاسيكو وهتبقى فل'],['OmdaKharoub']
['2018-10-28 22:14:20+00:00'],['شوف اعادة الكلاسيكو'],['hassanhammad0']
['2018-10-28 22:14:16+00:00'],|['برأيك ما أسباب الهزيمة الثقيلة لفريق #ريال_مدريد في الكلاسيكو؟ || #برشلونة_ريال_مدريد']|,['skynewsarabia']
['2018-10-28 22:14:10+00:00'],['تتكلم جد ؟ .. بأول موسم ، سجل ضد السيتي وباريس واليوفي ، صنع هدفين ضد بايرن ، سجل في الكلاسيكو سجل ضد فالنسيا ، ثاني موسم سجل ضد اتلتيكو والريال واتلتيكو في الابطال وارسنال وفالنسيا ، ثالث موسم سجل ضد الريال واتلتيكو في الكاس وضد باريس واشبيلية وفالنسيا ، اكمل ؟'],['BaRCaLo0NY']
['2018-10-28 22:14:05+00:00'],['تابعت الكلاسيكو وشفت بعده فيلمين وللان الساعة 1 ! الليل طويل'],['OS2IV']
['2018-10-28 22:13:42+00:00'],['برشلونة يحسم الكلاسيكو ويكتسح ريال مدريد بخماسية https://www.kooraarabia.com/66953'],['koora_spain']
['2018-10-28 22:13:09+00:00'],['#الكلاسيكو على أجساد أهلنا في غزة #التطبيع_على_أجساد_الأطفال #سجل_أنا_عربي'],['manalAlali851']
['2018-10-28 22:12:46+00:00'],['على الرغم من فرحة الكلاسيكو بس يوم كامل ضاع فى ظل ان الواحد مش ناقص اصلا ولا فى وقت بس الواحد مابيصدق يلاقى حاجة يهرب بيها من الجو دا'],['sabrymahmoud298']
['2018-10-28 22:12:44+00:00'],['الحمدلله لم أشاهد الكلاسيكو عار عار عار عار'],['mourinho221']
['2018-10-28 22:11:50+00:00'],['الكلاسيكو.'],['al7ajrii']
['2018-10-28 22:11:34+00:00'],['متى ينتهي #الكلاسيكو السوري https://twitter.com/salemzahran05/status/1055571904625590274 …'],['Suzankhalil2018']
['2018-10-28 22:11:16+00:00'],['من اسوء الايام الكرويه .. الاهلي ..خساره بطوله افريقيه لليد وفضيحه الريال في الكلاسيكو !'],['MarwanMagdy68']
['2018-10-28 22:10:41+00:00'],['موقع كول مختار تغريدتك عن الكلاسيكو في مقطع فديو'],['9ali66666']
['2018-10-28 22:10:36+00:00'],['مبابي مر من هنا .. انتهى الكلاسيكو ! pic.twitter.com/KsPZBa937K'],['Sajen21']
['2018-10-28 22:10:20+00:00'],['اليووووم الكلاسيكو لحد يلومني العالم كله يصيح مش بس اني'],['yafayah']
['2018-10-28 22:10:19+00:00'],['أخيراً بدأت إعادة مباراة الكلاسيكو لو ريال مدريد كسب هاعزم كل اصحابي على كبده وعصير مانجا وهاشربهم حشيش'],['HaniNawas']
['2018-10-28 22:09:57+00:00'],['بعد خماسية الكلاسيكو من برشلونه بس ودي اعرف شنو شعور ايسكو لما قال لن نبكي على رحيل كريستيانو رونالدو شوت ركلات حرة لما تشبع يالفاشل'],['SJlewi']
['2018-10-28 22:09:54+00:00'],['الإذلال الكلي بيريز رجل غبي لماذا ترك هذا المدرب عديم الفائدة للعبة الكلاسيكو يجب أن يذهب بيريز lopetegui يجب أن تذهب يجب أن تذهب بنزيما يجب أن تذهب بالة هذا تدمير كامل هذه هي فكرتي وتقديري pic.twitter.com/6dCMlOFpTC'],['aman_yuosef']
['2018-10-28 22:09:52+00:00'],['الدوري الفرنسي: البديل مبابي دخل فسجل كالعادة ثم أضاف دراكسلر هدف بآخر دقيقة لينتهي الكلاسيكو بفوز باريس - على ملعب غريمه مرسيليا ويواصل هيمنته وتحليقه وحيدا في الصدارة بعلامة كاملة. أصبح ثاني فريق فقط يفوز بأول 11 مباراة بنفس الموسم في أقوى 5 دوريات بعد توتنهام في 1960/61. pic.twitter.com/VyejbIXwCz'],['fifacom_ar']
['2018-10-28 22:09:30+00:00'],['خمسة أمور أحرص عليها حتى تنجح في حياتك: 1- الصدق 2- الثقه في النفس 3- عدم الإستسلام 4 - طاعة الوالدين 5 - خمسة بدون ميسي #برشلونة #الكلاسيكو #برشلونة_الريال'],['Cules_Amal']
['2018-10-28 22:09:13+00:00'],['الواحد يؤسفه يقول ان الواد سيرجي روبيرتو كان نجم الكلاسيكو النهاردة'],['il_cuchu']
['2018-10-28 22:08:40+00:00'],['حالم بدجور خرابه ... نمیشه بازی رو دوباره برگزار کنن؟ #الكلاسيكو'],['Mohamadb16']
['2018-10-28 22:08:18+00:00'],['طب ماهو لا جديد يذكر ولا قديم يعاد يا برشلونت قلبي ياحلوة انتي #الكلاسيكو pic.twitter.com/p53xESY32R'],['OsamaG1']
['2018-10-28 22:08:11+00:00'],['أضفت فيديو إلى قائمة تشغيل @YouTube على http://youtu.be/oVruFt1g5G0?a تحليل مبارة الكلاسيكو'],['JsjSports']
['2018-10-28 22:08:06+00:00'],['الصديق العزيز الاتحادي البرشلوني عمر العتيبي حضر الكلاسيكو الليله وقام بتغطية الكلاسيكو من الكامب نو #برشلونه_ريال_مدريدpic.twitter.com/PsOIfsDO5S'],['sa_9_mi']
['2018-10-28 22:07:41+00:00'],['@kingarturo23 عندما تسجل هدفك الأول مع #برشلونة... ويكون خاتمة خماسية #الكلاسيكو pic.twitter.com/NGZhbl9G8X'],['LeoMessi3311418']
['2018-10-28 22:07:35+00:00'],['تيفو برشلونة من مختلف الزوايا قبل بدء الكلاسيكو : pic.twitter.com/CwU73fb17b'],['ivrk91']
['2018-10-28 22:07:27+00:00'],['الكلاسيكو والله بيكون ننننننار .'],['iii_166']
['2018-10-28 22:07:20+00:00'],['بعيدا عن #الكلاسيكو .. الفن يبقى الصورة الأهم .. بالتوفيق https://twitter.com/salemzahran05/status/1056258602422419456 …'],['samarismael4']
['2018-10-28 22:07:02+00:00'],['هل رح نشوف #الكلاسيكو الحقيقي بين حزب الله و اعدائو https://twitter.com/salemzahran05/status/1055877234333044739 …'],['sarabantahmad']
['2018-10-28 22:06:57+00:00'],['#استاد_الدوحة / باريس سان جيرمان يحسم الكلاسيكو ويتخطى مارسيليا بثنائية ويحصد انتصاره ١١ تواليأ في صدارة الدوري الفرنسي برصيد ٣٣ نقطة pic.twitter.com/qVdAaB1hES'],['stadeldoha']
['2018-10-28 22:06:51+00:00'],['الادارة خايفة بتجديد العقد بعد الكلاسيكو لانهم عارفين الهزيمة ويعرفون حيكون ردة الفعل من الجمهور غير مرضي https://twitter.com/sfsofo/status/1056667093729460224 …'],['abdonoor1']
['2018-10-28 22:06:38+00:00'],['"سواريز يقود برشلونة لاكتساح الريال في الكلاسيكو" https://twitter.com/i/events/1056612099449737216 …'],['drsalehm']
['2018-10-28 22:06:24+00:00'],['انا متفرجتش علي الكلاسيكو بس بعد ما شفت الهايلايتس الحمدلله ان ميسي كان مصاب #missing_CR7'],['Andrew_Fares']
['2018-10-28 22:06:08+00:00'],['#برشلونه_ريال_مدريد تذهب نجوم وتغيب نجوم متعة الكلاسيكو الاسباني مستمره وابديه كلاسيكو رواتب اجواء نعمه وفضل من رب العالمين'],['mahmmdalsofyane']
['2018-10-28 22:06:06+00:00'],['الكلاسيكو محاوطني في كل حتة في كل الابلكيشنز ومش عارف امسك الموبايل بجد من كتر مادمي محروق'],['a7med7ussin']
['2018-10-28 22:06:03+00:00'],['لما تحضر مباراة اليونايتد بعد الكلاسيكو pic.twitter.com/rqdTkLsXGh'],['Ahmed_nazar1']
['2018-10-28 22:05:56+00:00'],['اتفق معك تخيل من بعد ما خلص الكلاسيكو الى قبل شوي و المطر مستمر'],['Hussain_Cp5']
['2018-10-28 22:05:47+00:00'],['بغض النظر إن كان المصدر موثوق أو لا بصراحة مبارة الكلاسيكو دائماً ما تعني الكثير لكلا الفريقين من لاعبين وجماهير ولكن لا أعتقد لاعب حقق دوري الأبطال يصرح مثل هذا التصريح. دمتم لنا سالمين مهزومين في كل مباراة بالسلام عليكم'],['Fan89Barca']
['2018-10-28 22:05:38+00:00'],['"فرحة بيكيه وصدمة راموس في أبرز ردود الأفعال عقب الكلاسيكو" https://twitter.com/i/events/1056626203711303680 …'],['drsalehm']
['2018-10-28 22:05:35+00:00'],['صنع له ٥ من اهدافه ال٩ في الكلاسيكو'],['cule992']
['2018-10-28 22:05:00+00:00'],['نهاية لقاء #الكلاسيكو! باريس سان جرمان ينتزع فوزاً ثميناً من عقر دار خصمه الأزلي مارسيليا بفضل هدفي مبابي ودراكسلر .. pic.twitter.com/cllt4rRa2Q'],['F_sport7']
['2018-10-28 22:04:59+00:00'],['للأسف مكنتش فاضي عشان أشوف الكلاسيكو، بس النتيجة متوقعة ومؤسفة، رونالدو مشيه أثر طبعا وكان لازم يحصل تدعيم يوازي رحيل واحد من أهم لاعيبة العالم وده ماحصلش، لكن رحيل رونالدو المهاجم مايخليش الدفاع شوارع كده ؟!'],['Shetegy']
['2018-10-28 22:04:53+00:00'],['دوستان رئالی منتظر حمایتتون از یوونتوس و عدم تمکین باخت رئال هستیم. #الكلاسيكو'],['vahid_abaspour']
['2018-10-28 22:04:33+00:00'],['سواريز لو أتى مبكرا البرسا لكان يتنافس مع ميسي على الهداف التاريخي الكلاسيكو https://twitter.com/forcabarca_ar/status/1056667284285153281?s=19 …'],['nabilocean1']
['2018-10-28 22:04:25+00:00'],['ملعون ابو الرسم الهندسي اللي يضيع عليا الكلاسيكو وفاينل يد افريقيا pic.twitter.com/ff3rVLLK1O'],['hesham_uwk07']
['2018-10-28 22:04:22+00:00'],['الكلاسيكو متعبك ياعيني'],['MajedHasna1']
['2018-10-28 22:04:17+00:00'],['جيرارد بيكي كالعادة. #الهداف #الكلاسيكو'],['elheddafinter']
['2018-10-28 22:04:12+00:00'],['دا الكلاسيكو التاني لي بعد بداية اهتمامي البسييط بالكورة و برضو لبرشلونة خلي بالك الانا بشجعها @89_safsaf'],['AyMan_GaSim']
['2018-10-28 22:04:11+00:00'],['بعيدا عن الكلاسيكو..شخصيا اول مره اسمع او اعرف صوته https://twitter.com/_Abdulwahab_/status/1056660118169894917 …'],['SaLa7Madrid']
['2018-10-28 22:04:05+00:00'],['جيرارد بيكي كالعادة. #الهداف #الكلاسيكو'],['elheddafjournal']
['2018-10-28 22:03:43+00:00'],['والله تمام لين لعب مدريد الكلاسيكو'],['eyadz7']
['2018-10-28 22:03:40+00:00'],['نتائج وترتيب الليغا الاسبانية بعد انتهاء الجولة العاشرة.. برشلونة يستمر في الصدارة بعد فوزها 5-1 في الكلاسيكو: pic.twitter.com/2v9a4vjrW5'],['_asohawlery']
['2018-10-28 22:03:40+00:00'],['شفتي الكلاسيكو ؟'],['6lvsa']
['2018-10-28 22:03:34+00:00'],['الكلاسيكو made my day بجد'],['Mohamed69618650']
['2018-10-28 22:03:22+00:00'],['والله ماني مستوعب للحظتك ، ما توقعت يرجع لنا هالكابوس المذل ( الخساير الكبيرة في الكلاسيكو )'],['RmArsn']
['2018-10-28 22:03:22+00:00'],['اون کصنمکایی که امشب با نتیجه ی پرسپولیس الغرافه گوه خوردن، رو کیر ما جا دارن. #الكلاسيكو'],['Saransk098']
['2018-10-28 22:03:02+00:00'],["I think me my self i 'll go soon for a ford soon for this level of commitment . #الكلاسيكو #OMPSG"],['armaghrebi86']
['2018-10-28 22:02:53+00:00'],|['_Sp || كسر الكلاسيكو pic.twitter.com/cRCRUDDpuT']|,['zrhoni_mohamed']
['2018-10-28 22:02:25+00:00'],['ملخص مباراة برشلونة وريال مدريد I الشوط الاول الكلاسيكو 2018 YouTube https://youtu.be/0ND6h7-R6ao via @YouTube'],['elshafe37407165']
['2018-10-28 22:02:21+00:00'],['نهاية لقاء #الكلاسيكو! #باريس_سان_جيرمان ينتزع فوزاً ثميناً من عقر دار خصمه الأزلي #مارسيليا بفضل هدفي مبابي ودراكسلر #AllezParis #OMPSG #مارسيليا_باريسpic.twitter.com/MOtF7h1F6F'],['PSG_arab']
['2018-10-28 22:02:00+00:00'],['اول مره من سنين كتير متفرجش ع الكلاسيكو بس كله عشان خاطر عيد ميلاد مالك بيه'],['Gigielshikh0']
['2018-10-28 22:01:30+00:00'],['افريقيا إيه... الكلاسيكو كان النهاردة و برشلونه جرحت الريال في مشاعرهم'],['dearayaaah']
['2018-10-28 22:01:13+00:00'],['الكلاسيكو*^'],['samar_e9']
['2018-10-28 22:01:01+00:00'],['عن خط المرمى...تصدي ستروتمان يحرم دي ماريا من هدف في "الكلاسيكو" http://dlvr.it/QpnrRB'],['anayemeni_net']
['2018-10-28 22:00:54+00:00'],['طبعا بعد خماسية النهاردة هيطلع المدريدي يقولك احنا كاسبنكو ٣٠ صفر سنة ١٩٠٠ قبل الميلاد #ريال_مدريد #برشلونة #الكلاسيكو'],['omarTigooo']
['2018-10-28 22:00:53+00:00'],['عبدالله حضرت الكلاسيكو ولا مانشستر ؟'],['_mrkanon']
['2018-10-28 22:00:49+00:00'],['#الكلاسيكو هلق حيكون بين القضاء والفساد https://twitter.com/salemzahran05/status/1055006816445317125 …'],['bilal3assef']
['2018-10-28 22:00:45+00:00'],['كلامك طلع صحيح حول الكلاسيكو'],['Haider_Zidi']
['2018-10-28 22:00:37+00:00'],['ليه ياجدع ده انا اتكيفت وانا باتفرج ع الكلاسيكو https://twitter.com/mohamedabosheta/status/1056654666640056320 …'],['_Abdelrahhman']
['2018-10-28 22:00:34+00:00'],['ریالیا نمیخواین بوس بدین؟؟ #بارسلونا #رئال_پاره #سوارز #کورتوا #الكلاسيكو'],['kamyroshanbin']
['2018-10-28 22:00:26+00:00'],['كارلوس بويول لاعب برشلونة سابقاً : الكلاسيكو الذي يؤلمني جداً ولا يمكنني نسيانه عندما خسرنا أمام ريال مدريد 4-1 ووقفنا لهم ممر شرفي ، كانت اللحظة الأكثر ألماً لي طوال مواجهاتي لريال مدريد في الكلاسيكو . pic.twitter.com/ByBmziVv97'],['raeid20042004']
['2018-10-28 22:00:21+00:00'],['المهازل التحكيمية دايما تأتي ف الكلاسيكو لمساعدتهم'],['abdonoor1']
['2018-10-28 22:00:11+00:00'],['#الكلاسيكو لعبة يمكن يكون فيها عدل اما النازح السوري دخل في لعبة لا انصاف فيها ولا عدل وماعم يرضوا يفاوضوا وكلو #عحساب_صحتناhttps://twitter.com/salemzahran05/status/1056521298753527809 …'],['fadirsamra']
['2018-10-28 22:00:10+00:00'],['. لا جديد ( مرسيليا عاجز عن الفوز ع باريس من 2011 ) مبامي في بضع دقائق حوّل الكلاسيكو من لقاء سلبي بلا لمحات إلى اعصار باريسي يفتك بدفاع مرسيليا العاجز'],['al3omdah_']
['2018-10-28 22:00:04+00:00'],['الكلاسيكو الفرنسي بين باريس ومارسيليا نيمار في الكلاسيكو الأول حصل على بطاقة حمراء الكلاسيكو الثاني لنيمار تعرض لإصابه اليوم سيلعب الكلاسيكو الثالث ماذا سيحصل ؟؟؟؟ pic.twitter.com/GKMEipyUpC'],['dawristar']
['2018-10-28 21:59:50+00:00'],['لو نتكلم بالواقع اليوفي اقوى فريق في العالم وليسة فقط بالدوري الايطالي .. وافضل من الاسباني حاليا شوف الكلاسيكو غياب كرستيانو وميسي صارت المباتربان'],['nappi1013']
['2018-10-28 21:59:34+00:00'],['برشلونة يكتسح ريال مدريد بخماسية تاريخية في الكلاسيكو - http://hotnewsq8.com/?p=37112'],['Hotnews_Q8']
['2018-10-28 21:59:32+00:00'],['الدهاء العربي هههههههه هادي كامل من عواقب الكلاسيكو https://twitter.com/samir__azou/status/1056515017191948288 …'],['Louis_joseph_ga']
['2018-10-28 21:59:31+00:00'],['للامانة بعد الخماسية في الكلاسيكو والتشبع الكروي معد لباقي اليوم الكروي قيمة وشغف رغم قوة المباريات اخر ١٠ دقايق من روما نابولي واخر ٢٠ دقيقة من باريس ومارسيليا'],['mohammedalsayah']
['2018-10-28 21:59:21+00:00'],['شبعت كوره بعد الكلاسيكو'],['KevinoRagheb']
['2018-10-28 21:59:10+00:00'],['سواريز بعد الكلاسيكو pic.twitter.com/0XtxDTf9cl'],['E_smaeil']
['2018-10-28 21:59:00+00:00'],|['لقطة اليوم || بيكيه يعيد إشارته الشهيرة بالخمسة ولكن على ملعب كامب نو بعد فوز #برشلونة في الكلاسيكو على ريال مدريد #برشلونة_ريال_مدريدpic.twitter.com/JdSfE8GQDW']|,['ReyadaCom']
['2018-10-28 21:58:53+00:00'],['خماسية أخرى في الكلاسيكو.. برشلونة يعمق جراح ريال مدريد في "كامب نو" http://arabic.cnn.com/sport/article/2018/10/28/barcelona-real-madrid-clasico …'],['mudaqqeq']
['2018-10-28 21:58:51+00:00'],['تخيل ان ميسي في نص ملعب الريال المتوفي ده كان الماتش خلص بأعلي هزيمة لفريق في الكلاسيكو في الكرة الحديثة'],['MahmmoudGammal']
['2018-10-28 21:58:47+00:00'],|['نهاية الكلاسيكو الفرنسي || 2-0 لباريس.']|,['iozci']
['2018-10-28 21:58:39+00:00'],['مارسيليا يُظلم في الكلاسيكو أمام باريس هدف صحيح 100% تم الغائه و طلبوا من الحكم يرجع للفار و رفض ! الجمهور رمى كل اللاعبين اتوقع'],['justBayern_']
['2018-10-28 21:58:31+00:00'],['يا نصوحي ح تحلل الكلاسيكو ولا لأ'],['jaafarahmad332']
['2018-10-28 21:58:14+00:00'],['قتل الكلاسيكو الالماني pic.twitter.com/IJjx0rhFtJ'],['JMS6_']
['2018-10-28 21:58:14+00:00'],['الماتش ديال باريس ومارسيليا حسن من الكلاسيكو'],['tayeb_bvb']
['2018-10-28 21:57:59+00:00'],['عشان الكلاسيكو ؟'],['iiR3c']
['2018-10-28 21:57:59+00:00'],['#الكلاسيكو من ناحية فنيه .. الثبات بالتشكيله من عوامل الفوز بالمباراه ولكن رافينها ومن الواضح يحتاج لياقه المباريات لانه عطاك ٣٠ دقيقه بالشوط الاول بعدها اختفى و الدليل اللي حصل الشوط الثاني مع تغير تكتيك مدريد من الدقيثه الاولى حتى الدقيقه ٢٠ برشلونه يتبع'],['iiBloushii']
['2018-10-28 21:57:51+00:00'],['ماركا : لوبيتيغي قام بوداع اللاعبين في غرفة الملابس بعد الكلاسيكو http://hihi2.com/2018/10/28/p1111944.html …pic.twitter.com/IjhrDbX3Au'],['nnaasseerr09592']
['2018-10-28 21:57:43+00:00'],['راك 1 : لويس سواريز هو أفضل لاعب في الكلاسيكو http://hihi2.com/2018/10/28/p1111938.html ….pic.twitter.com/1XG77xXLbO'],['nnaasseerr09592']
['2018-10-28 21:57:28+00:00'],['لا تدع خماسية الكلاسيكو تلهيك عن البطولة ال99 للبابا بتاع التنس https://twitter.com/rogerfederer/status/1056645236271669248 …'],['iiiAhmEd']
['2018-10-28 21:57:23+00:00'],['نتيجه الكلاسيكو بدون كينگ مسى و كيرى س بارسا رئال عوووووى'],['samanshayan']
['2018-10-28 21:56:56+00:00'],|['SP || كسر الكلاسيكو pic.twitter.com/ClvVS6mevF']|,['FCBW_A7']
['2018-10-28 21:56:55+00:00'],['اختصار الكلاسيكو: شوارع مدريييييد'],['eng_bebyjamal']
['2018-10-28 21:56:47+00:00'],['ضروري نستغل نتيجة الكلاسيكو ونطقطق حتى لو كان بغباء'],['sir_hassan10']
['2018-10-28 21:56:45+00:00'],['ترا صار ميت المباراة ذي بس لسوء الاتحاد فقط ولا معروف من هو الكلاسيكو الاول ف الخليج الاتحاد والهلال'],['ksh__97']
['2018-10-28 21:56:42+00:00'],|['لوبيتيغي مارس أغرب وأسوأ أنواع الدفاع , أسلوب دفاعي لا يوجد فيه ولو فكرة دفاعية واحدة , كيف تمّ ذلك ؟ #الكلاسيكو pic.twitter.com/MCtGcNADWw']|,['TalhaAhmad81']
['2018-10-28 21:56:31+00:00'],['بوشكاش محفوظ بيضحي النهارده علي حساب جراحه الناتجه من الكلاسيكو https://twitter.com/a7medtare2_/status/1056662095960383489 …'],['ElkhamisyJr']
['2018-10-28 21:56:16+00:00'],['#الكلاسيكو بالسعودية بين الشخسعد وابن سلمان https://twitter.com/salemzahran05/status/1054745307194515458 …'],['zahraafadoul']
['2018-10-28 21:56:06+00:00'],['لا انا الي تابعت الكلاسيكو ولا انا الي تابعت اليونايتد ولا انا الي نمت زي الاوادم غفوة العصر خربت يومي كله'],['Mo7ammed_878']
['2018-10-28 21:56:01+00:00'],['ترتيب الجولة العاشرة بعد مباراة الكلاسيكو pic.twitter.com/EDxOQYtUxX'],['LaLigaArab']
['2018-10-28 21:55:00+00:00'],['خلينا احنا فى الكلاسيكو 5:1'],['ahmed_mah_farag']
['2018-10-28 21:54:49+00:00'],['صور : هكذا كانت ردود أفعال رونسيرو خلال الكلاسيكو http://hihi2.com/2018/10/28/p1111878.html …pic.twitter.com/VVLG11zlnT'],['nnaasseerr09592']
['2018-10-28 21:54:48+00:00'],['و اكيد شجع برشلونة ف الكلاسيكو بقا .. اديله ده حظه ماااشي https://twitter.com/FilGoal/status/1056663278007603202 …'],['HatemAbdallah5']
['2018-10-28 21:54:39+00:00'],['كوتينهو .. عاشر برازيلي يسجل لبرشلونة في الكلاسيكو بعد ايفاريستو روماريو رونالدو جيوفاني ريفالدو أندرسون رونالدينيو داني ألفيس #برشلونه_ريال_مدريد'],['za12ze12']
['2018-10-28 21:54:34+00:00'],['توي صاحي من النوم ، عطونا نتائج الكلاسيكو'],['AT_Y20']
['2018-10-28 21:54:32+00:00'],['قصه شعر محمد صلاح غطت علي نتيجه الكلاسيكو والاهلي والوصل وملوك الصالات لامؤخذه @MoSalah'],['GebalyAli']
['2018-10-28 21:54:28+00:00'],['قال كده قبل الكلاسيكو!!'],['A7madZaghawa']
['2018-10-28 21:54:26+00:00'],['الكلاسيكو'],['mhd826']
['2018-10-28 21:54:25+00:00'],['فعلا سبنا ايه للعودة بتاع الكلاسيكو https://twitter.com/andro_bahgat/status/1056664156911386624 …'],['kerolos_luka96']
['2018-10-28 21:54:02+00:00'],['روبيرتو: ما قدمناه في الكلاسيكو هو أمنية مشجعي البارسا http://www.oleeh.com/N.aspx?nid=353718 …pic.twitter.com/TtKSBB8fD5'],['OleehSport']
['2018-10-28 21:53:36+00:00'],['أعزائي المشجعين الذين لم يتمكنوا من حضور الكلاسيكو سيكون لها إعادة اليوم كلاسيكو القناة HD1 الساعة ٠٢:٣٠ بتوقيت مكة كلاسيكو القناة HD3 الساعة ٠٢:٤٥ بتوقيت مكة أنا عن نفسي واستمرارا لإحتفالي قررت أن أسحب على الشوالي وأتابع الدراجي'],['Memobati']
['2018-10-28 21:53:25+00:00'],['تلاقي الدنيا كلها مقلوبة علي الكلاسيكو و روما ضد نابولي و ماتشات كل الدوريات الاوروبية و انت لوحدك في جانب بسيط صافي بتحاول تشوف كل لحظة قدرت تتصور لفوز الزمالك ببطولة أفريقيا لليد ،،، الزمالك أولا و أخيرا و كل شئ احنا ملوك اليد في مصر'],['3wady14']
['2018-10-28 21:53:10+00:00'],['یه زمانی اون یارو تقوی میومد الکلاسیکو رو تحلیل میکرد.کلی مورینیو و پپ رو میکوبید. بعد تیم خودش داشت دست و پا میزد که سقوط نکنه:)))))'],['Armaaaannnnnn']
['2018-10-28 21:52:53+00:00'],['كنا قاعدين سوا اتفرجنا علي تشيلسي و الكلاسيكو اول م الجون التاني دخل سابني و نام'],['Mahmoud81889530']
['2018-10-28 21:52:47+00:00'],['تمكن سواريز من تسجيل هدف والتسبب في ركلة جزاء وتسديد كرة في القائم وهو الأمر الذي لم يفعله أي لاعب من برشلونة في الكلاسيكو منذ عام 1941 عندما فعلها انطونيو جارسيا . #برشلونه_ريال_مدريد'],['za12ze12']
['2018-10-28 21:52:39+00:00'],['يولع التكاثر اللي كان سبب في انك جيت يا بنزيما الكلب #الكلاسيكو #ريال_مدريد'],['_sam_97_']
['2018-10-28 21:52:29+00:00'],['( نحن نلون كورة القدم ) برشلونة لون الكلاسيكو بخماسيه تاريخيه وبدون ميسي لن ينساها عشاق الريال .. فالفيردي رائع ومميز بتبديلاته شكراً فالفيردي ، مباراة ممتعه جداً'],['barca_news_arab']
['2018-10-28 21:52:25+00:00'],['الف مبروك للجميع عقبالي الكلاسيكو السنه الجايه'],['abod_zero']
['2018-10-28 21:52:08+00:00'],['"لايف الكلاسيكو LIVE EL CLASSICO" : http://youtu.be/gQ18Hu7Cp2E?a via @YouTube'],['Hicham_Saber']
['2018-10-28 21:51:52+00:00'],['@midoahm يا ميدو في طالعه علي تويتر بكره مخصوص ليك ... اتاجلت عشان انهارده يوم زحمه الكلاسيكو و بطوله افريقيا ... عشان يبقا ليه صدي واسع احنا معاك و جنبك احنا شعب الزمالك وعمرنا ما هنسيب ابننا يمشي لوحده #ميدو_خط_احمر'],['Medoyasso11']
['2018-10-28 21:51:41+00:00'],['اكتر حاجه مزعلاني في الكلاسيكو دا ان ميسي ملعبش كان هيبقي اسكور تاريخي'],['ahmedakil95']
['2018-10-28 21:51:29+00:00'],['الكلاسيكو من مارينااا مع صبح بيه pic.twitter.com/FBPj1ja54W'],['tawfikelkelesh']
['2018-10-28 21:51:25+00:00'],['ميسي و سواريز بعد الكلاسيكو pic.twitter.com/Ib0bV239Cn'],['KoraLive30']
['2018-10-28 21:51:25+00:00'],['المسامح كريم نسامح يلي يتحمسوا بسرعة #الكلاسيكو #برشلونه_ريال_مدريدhttps://twitter.com/FCBW_A7/status/1056662717040353280 …'],['MEDRamiFCB']
['2018-10-28 21:51:24+00:00'],['للترفيه نخرجو من الكلاسيكو هههههههه #برشلونه_ريال_مدريدpic.twitter.com/5Aqf4650uT'],['Louis_joseph_ga']
['2018-10-28 21:50:43+00:00'],['يوم ما ال NBA تقرر تعمل ماتش بدرى تخلى فيه الواريورز طرف يعنى اخلص من الكلاسيكو اخبط فى كيرى و دورانت pic.twitter.com/rw9wd2H8qm'],['M_Shafeii']
['2018-10-28 21:50:40+00:00'],['ماذا ستفعل واحدك ياصديقي #الكلاسيكو pic.twitter.com/vX9SgJH16S'],['mo_kemo74']
['2018-10-28 21:50:05+00:00'],['#سوريا بتثبت دايما انها خلاقة ومتجددة وانها شعب يعشق الحياة #الكلاسيكو https://twitter.com/salemzahran05/status/1056521298753527809 …'],['Fara7Salami']
['2018-10-28 21:50:05+00:00'],['ميسي و سواريز بعد الكلاسيكو pic.twitter.com/QrIlvxgyl5'],['ReNgo_Sport']
['2018-10-28 21:49:56+00:00'],['#الكلاسيكو الحقيقي هو بين حزب الله و المتآمرين عليه .. وأننا الغالبون https://twitter.com/salemzahran05/status/1055877234333044739 …'],['wala2ballout']
['2018-10-28 21:49:30+00:00'],['I added a video to a @YouTube playlist http://youtu.be/wAyUQEK6T9M?a المدفع : الكلاسيكو برشلونة ريال مدريد'],['ezzmohamed451']
['2018-10-28 21:49:27+00:00'],['خصم ٢٠٪\u061c معطف بالون ر.س 181.16 فقط اطلب الان https://buff.ly/2CIhThX #الاهلي_وفاق_سطيف #تويته_عن_طقس_مدينتك #الكلاسيكو #كأس_زايد_للأندية_الأبطالpic.twitter.com/APiC2Zppni'],['shopmooda']
['2018-10-28 21:49:22+00:00'],['تصدق بالله واحشني فقولت امسي ، الكلاسيكو ما له علاقه خالص دايما ظالمني'],['Mahmoud48054829']
['2018-10-28 21:49:20+00:00'],['الي كل مدريدي أو مدريدية فرح باصابة كرة القدم (ميسي) و أنو ما حيلعب الكلاسيكو .... كيفتمااااام و عاين للصورة pic.twitter.com/XWYCasKtJR'],['Mohamed_4ltyeb']
['2018-10-28 21:49:19+00:00'],['بلاه #الكلاسيكو وبلا سم بدن يبقى الفن أروق للمزاج https://twitter.com/salemzahran05/status/1056258602422419456 …'],['rehamibrahim56']
['2018-10-28 21:48:51+00:00'],['True Culé #Messi #ElClásico #الكلاسيكو #WeAreMessipic.twitter.com/w5WiEqtV0S'],['_WeAreMessi']
['2018-10-28 21:48:49+00:00'],['ما أجمل أن يكون أول هدف لك بقميص البارسا ضد #ريال_مدريد في #الكلاسيكو pic.twitter.com/t6OcCtB1wZ'],['MEDRamiFCB']
['2018-10-28 21:48:44+00:00'],['يليت لو بكره الكلاسيكو عشان تنعاد المتعه'],['mi89_i']
['2018-10-28 21:48:30+00:00'],['افضل هداف في الكلاسيكو منذ موسم ٢٠١٤-٢٠١٥ ليس ميسي او كريستيانو بل لويس سواريز ب ٩ اهداف - لويس سواريز سجل هذا الموسم سبعة أهداف وصنع ستة أهداف في 14 مباراة - لويس سواريز مع برشلونة سجل 162 هدفا وصنع 88 هدفا في 213 مباراة #برشلونه_ريال_مدريدpic.twitter.com/tUeigCKAmD'],['za12ze12']
['2018-10-28 21:48:22+00:00'],['والمشكله قبل الكلاسيكو رقم ٤ دخل مقارنات مع مالديني'],['XXZ2o']
['2018-10-28 21:48:15+00:00'],['طلع ظل ميسي مغطي سواريز مو نيمار \u2066\u2069 #الكلاسيكو'],['iBadr36']
['2018-10-28 21:47:49+00:00'],['الماركا : بعد الكلاسيكو لوبتيغي التقى باللاعبين وشكرهم على الـ ٤ شهور ونصف التي امضاها معهم. #الوداع'],['omar_alshbrm']
['2018-10-28 21:47:30+00:00'],['بخلاف ميسي آخر لاعب سجل هدف من ركلة جزاء لبرشلونة في الكلاسيكو هو رونالدينهو قبل 12 عام - لويس سواريز سجل 3 أهداف من 3 تسديدات له على المرمى أمام ريال مدريد في الكلاسيكو. سواريز أول لاعب يسجل هاتريك في الكلاسيكو منذ مارس 2014 #برشلونه_ريال_مدريد'],['za12ze12']
['2018-10-28 21:47:24+00:00'],['#الكلاسيكو #ريال_مدريدpic.twitter.com/AFgfmUqGRa'],['abumosa21']
['2018-10-28 21:47:22+00:00'],['توا من حقك تطلقي كأبة على التايم عند الكلاسيكو الجاي ...'],['HabiBougenah']
['2018-10-28 21:47:19+00:00'],['هيدي مش الكامبنو هيدي القنصلية ..! #الكلاسيكو'],['RanaAbdelkader8']
['2018-10-28 21:47:13+00:00'],['ياباشا دي يارا علي طول متواجدة غي الكلاسيكو اي كلاسيكو'],['SmaanAraby']
['2018-10-28 21:47:03+00:00'],['كده الريال عامل توأمة مع اليونايتد .. نفس الظروف المقندلة .. تاسع و عاشر #الكلاسيكو #برشلونه_ريال_مدريد'],['Mohamedmakled23']
['2018-10-28 21:46:50+00:00'],['با اکانت قبلیم که برا چن سال پیش بود فالوت کرده بودم و میخوندمت ولی خب اکانتم ساسپند شد:(( و اون موقعم فک کنم با مجهول داشتی کری میخوندین برا هم(البته تو بیشتر به دوتا تیم فش میدادی ولی میگفتی بین بارسا و رئال، بارسا بهتره) الکلاسیکو عم بود *خار حافظه*'],['Ierenard']
['2018-10-28 21:46:43+00:00'],['شفت الملخص ومش عارف ايه كمية السفالة اللي عملاها برشلونة فالريال دي كل اللي قابلني قبل الماتش قولتله سواريز هيشيل مكان ميسي الواحد منبسطش كده من فترة والله #ViscaBarca #الكلاسيكو pic.twitter.com/gdy2QVYNFU'],['raafat1712']
['2018-10-28 21:46:43+00:00'],['كل الحق على المدرب الي ما نزل رونالدو #الكلاسيكو #ريال_مدريد_برشلونة'],['mQashoo77']
['2018-10-28 21:46:22+00:00'],['عرف نقاط قوتكم وقفل منافذ لعبكم ولولا غباء عسيري وغلطه عساف م تعدون من الكلاسيكو يلاسّري بس'],['iu_r20']
['2018-10-28 21:46:13+00:00'],['الكلاسيكو اللي تقصده اطرافه 3 سنوات بدون اي بطولة وعلى فكرة النصراوية مايشفون مباراتهم مع الاهلي كلاسيكو'],['hilal_royal2017']
['2018-10-28 21:45:28+00:00'],['ههه دونيا بلديه مدريد في امل تبقي مركز شباب مدريد #الكلاسيكو'],['omarhelal999']
['2018-10-28 21:45:24+00:00'],['هنيدي يسخر من خسارة ريال مدريد في الكلاسيكو - http://aldala.com/%d9%87%d9%86%d9%8a%d8%af%d9%8a-%d9%8a%d8%b3%d8%ae%d8%b1-%d9%85%d9%86-%d8%ae%d8%b3%d8%a7%d8%b1%d8%a9-%d8%b1%d9%8a%d8%a7%d9%84-%d9%85%d8%af%d8%b1%d9%8a%d8%af-%d9%81%d9%8a-%d8%a7%d9%84%d9%83%d9%84%d8%a7/ …هنيدي يسخر من خسارة ريال مدريد في الكلاسيكو pic.twitter.com/yIqYxguoJL'],['aldalanews']
['2018-10-28 21:45:17+00:00'],['اهو احضرنا الكلاسيكو https://twitter.com/RM4Arab/status/1055897668277493761 …'],['ahmad_fahmawi2']
['2018-10-28 21:44:45+00:00'],['يا حبيبي والله عيب تتكلم ذا الكلام والله .. تقول حرمان عشان خسرت الكلاسيكو وانا بطل اوروبا 4 مرات في خمس سنوات ومنها ثلاث عالتوالي ابجح تغريدة قريتها'],['MeshaIb7']
['2018-10-28 21:44:42+00:00'],['معطف بقبعة تسوق الان https://buff.ly/2PqdUxa #الاهلي_وفاق_سطيف #تويته_عن_طقس_مدينتك #الكلاسيكو #كأس_زايد_للأندية_الأبطال #اغلاق_قناه_الفتنه_الجزيره_12pic.twitter.com/RGUqNdBxql'],['shopmooda']
['2018-10-28 21:44:29+00:00'],['ردود افعال توماس رونسيرو خلال الكلاسيكو #ElClasico pic.twitter.com/IVopgsuCof'],['Muhannaddababo2']
['2018-10-28 21:44:01+00:00'],['مبدئيا كدا بالنسبة للناس اللي بتقول الكلاسيكو ياجماعه الكورة يوم 11/24 !! الليله دي كانت مباراة مع احد المنافسين صاحب المركز التاسع تقريبا pic.twitter.com/1WEtcADnNl'],['m0d_j']
['2018-10-28 21:43:58+00:00'],['تعرفو شغلة احنا صار عنّا اشي اسمه ذاكرة السمك اذا سمعتو بيها قبل ... يعني النا يومين بنخابط بالبوستات على شهدائنا بالبحر الميت واول حدث رياضي مثل الكلاسيكو جابنا بالارض ونسينا كل شي صار وانا بتكلم عن نفسي... https://www.facebook.com/581497710/posts/10156007636892711/ …'],['AbooDAlHowarI']
['2018-10-28 21:43:58+00:00'],['طيب تدري ان الكلاسيكو اللي تسميه ذا طرفيه 35 سنة 4 دوري بس'],['hilal_royal2017']
['2018-10-28 21:43:47+00:00'],['#ElClásico #ForçaBarça عااااااش #الكلاسيكو'],['AhmedIb24222871']
['2018-10-28 21:43:47+00:00'],['#الكلاسيكو بين روسيا وأميركا بعدو شغال https://twitter.com/salemzahran05/status/1055571904625590274 …'],['samirisma3il']
['2018-10-28 21:43:41+00:00'],['كل اللاب متحديتهم على فوزنا ليلة السبت.....واذا خسرنا ياشماتتهم فيني لين يخلص تدريبي. بديت أقمط من الكلاسيكو ذا، مب مثل كلاسيكو البدروم مع الطواقي ما درينا عن المباراة الا بنفس اليوم pic.twitter.com/YZQjzGhOMp'],['Bsa_881']
['2018-10-28 21:43:11+00:00'],['اكو فريق جان عايش على اخطاء الحكام.. من تفعلت تقنية الفيديو صار مركز عاشر مو #ريال_مدريد #ريال_مدريد_برشلونه #الكلاسيكو'],['muslim01478']
['2018-10-28 21:43:09+00:00'],['#الكلاسيكو ريال مدريد يحتاج إلى مدرب جديد. يتميز بقوة الشخصية و صاحب فكر كروي فني. صارم لكن قريب من اللاعبين. الإدارة أخطأت في التصرف بعد استقالة زيدان. الفريق يحتاج إلى دماء جديدة لأنه حاليا يعيش مرحلة انتقالية.'],['bosaqer']
['2018-10-28 21:43:08+00:00'],['مالومك 13سنه مستمره من الجلد الكتلوني ما تستطيع ان تتابع الكلاسيكو لنك تعرف برشلونه جيد'],['WhiteHeart305']
['2018-10-28 21:42:48+00:00'],['الكلاسيكو انتهى ليهو ٣ ايام وانتي يدوب بتشمتي فيهم !!'],['wad_aljed']
