['2018-10-28 23:59:51+00:00'],['سعر الدولار اليوم ريال مدريد و 25 قرش.. باهي الي ميسي مالعب راها ارقي'],['JWGMWphuT2qD5Dl']
['2018-10-28 23:59:49+00:00'],['معك رغم مرارة التعثر .. معك لأنني أثق بأنك ستنهض.. معك لأنك ريال مدريد و جزء من قلبي إن لم تكن كله.. معك إلى الأبد... تحيا مدريد دائمًا وابدًا. تصبحون على خير pic.twitter.com/3PI63ovUdN'],['Waleeed_RM']
['2018-10-28 23:59:40+00:00'],['#ريال_مدريد عليهم ان يتدربون ؛ 1*اسينسيو عليه ربط رجليه بقطعة مطاط وتركه يركض بالملعب مع الكورة ليعود إلى التهديف مرة أخرى . 2*بنزيمة عليه ان يتعلم اللعب الجماعي .. 3*بيل يجب ان تغطى عيونه اثناء التسديد .. 4*مارسيلوا عليه أن يبتعد عن اللعب في الليغا ويلعب في دوري الأبطال فقط.'],['alwzeer982']
['2018-10-28 23:59:18+00:00'],['انا شايف انه ريال مدريد يقلبو منطقه صناعيه أحسن من الفارغه دي..'],['aljoody98']
['2018-10-28 23:59:00+00:00'],['#برشلونه_ريال_مدريد #خمســة_مــووووووهpic.twitter.com/lg4Qzasg9f'],['lolo2014x89']
['2018-10-28 23:58:31+00:00'],['ريال مدريد : لوبتيغي يقترب من الرحيل و كونتي هو البديل / https://www.jawharafm.net/ar/article/ ريال-مدريد--لوبتيغي-يقترب-من-الرحيل-و-كونتي-هو-البديل-/96/125539 /'],['tunitrend']
['2018-10-28 23:58:29+00:00'],['٥٥٥غغغغااتنمظزومررىا #برشلونه_ريال_مدريد'],['Andro86665241']
['2018-10-28 23:58:16+00:00'],['غاات #برشلونه_ريال_مدريد'],['Andro86665241']
['2018-10-28 23:58:09+00:00'],['تتتتت#برشلونه_ريال_مدريد'],['Andro86665241']
['2018-10-28 23:57:59+00:00'],['هو الشتا ليه قالب على ريال مدريد كده'],['Rostom000']
['2018-10-28 23:57:45+00:00'],['#حاجة_عادي_ههههه #والله_غضتوني_ههههه #_5__بعد_هههههههه #إرحمو_قوم_عزيز_ذل #ForçaBarça #FCBRMA #Classico #الكلاسيكو #برشلونة_ريال_مدريد pic.twitter.com/npwcrsJBha'],['GhrissiMoh1']
['2018-10-28 23:57:20+00:00'],['ريال مدريد ملك العالم .. اللي حصل دا كابوس العظمة .. لنا عودة وردود واراء اخرى'],['AliKadRy3']
['2018-10-28 23:57:17+00:00'],['#برشلونه_ريال_مدريد دولڤو. pic.twitter.com/FG2wFmF3zM'],['sbeet6']
['2018-10-28 23:56:57+00:00'],['#برشلونه_ريال_مدريد استغفرالله اللذي لا إله الا هو الحي القيوم واتوب إليه عدد خلقه ورضا نفسه وزنة عرشه ومداد كلماته..'],['SALMANOMB6']
['2018-10-28 23:56:28+00:00'],['#برشلونه_ريال_مدريد pic.twitter.com/tHXVva05vq'],['fafa24321']
['2018-10-28 23:56:26+00:00'],['#الاهلي_وفاق_سطيف #تويته_عن_طقس_مدينتك #برشلونه_ريال_مدريد #امطار_المدينهpic.twitter.com/ocpQqf8c49'],['al88664053']
['2018-10-28 23:55:59+00:00'],['المهم قالك بدلو قانون فالحساب واحد زوج ثلاثة ربعة ريال مدريد'],['talalbenelmili']
['2018-10-28 23:55:50+00:00'],['#ريال_مدريد فريق مهاجم ويمتلك قوة هجومية .. بدل ما يجيبون حارس يدربهم . أفضل شي مدرب مهاجم للتدريب .. يحتاجون إلى رأس حربة، هداف للتدريب ..'],['alwzeer982']
['2018-10-28 23:54:35+00:00'],['سادية برشلونية تليق بكبرياء مدريد وجماهيره #برشلونه_ريال_مدريد'],['dr5ab']
['2018-10-28 23:54:13+00:00'],['فريق لمده ست سنوات يحصد جميع القاب وسيطر علي اوروبا كلها وفرحنا لعده سنوات لدرجه معش نفرحو بعد نفوزو حتي بدوري الابطال، فا ليس من الغريب مشاهده كل هذه الفرحه من فريق اخر او رؤيه كثير من شامتين لاننا ريال مدريد افرحونا كثيرا لن نحزن حتي من خساره لقب هالا مدريد دائما وابدا'],['AlwerfalyHassan']
['2018-10-28 23:54:13+00:00'],['ماني قادر انام من شدة المتعة اللي أنا فيها بعد فوز #برشلونة الساحق على #ريال_مدريد'],['7ADI_ALEES']
['2018-10-28 23:54:05+00:00'],['بيديرول: برشلونة أهان ريال مدريد .. ولوبيتيجي سيقود تدريبات الريال غدا http://dlvr.it/Qpp9Q7 pic.twitter.com/nzx4Br8l1N'],['mssdr24']
['2018-10-28 23:53:27+00:00'],['بيدريرول : " هذا الطاقم التقني للفريق جعل لاعبي ريال مدريد سيئين جدا " pic.twitter.com/29rc0txRFU'],['ZoYaZenat']
['2018-10-28 23:52:43+00:00'],['سعر الدولار اليوم ريال مدريد و 25 قرش.. باهي الي ميسي مالعب راها ارقي'],['JWGMWphuT2qD5Dl']
['2018-10-28 23:52:33+00:00'],['#برشلونه_ريال_مدريد أهداف المباراة HD BAR 5-1 RMA عصام الشوالي pic.twitter.com/8p2m6ix4bj'],['S8R_HD102']
['2018-10-28 23:52:23+00:00'],|['#أسرة_شي_إن #تويته_عن_طقس_مدينتك #افضل_سناب_t #الاهلي_وفاق_سطيف #الدريس_يسيء_لمغردي_الوطن #برشلونه_ريال_مدريد #انعش_قلبك_بالذكر #الدريس_يسيء_لمغردي_الوووطن #السعودية #متعصب_هلالي_يقود_المسابقات #الديربي_الحايلي #امطار_المدينه #امطار_الرياض #أمطار_الرياض #اغلاق_قناه_الفتنه_الجزيرهpic.twitter.com/aNqSfOBwNl – at KFC || كنتاكي']|,['Markat_shop2017']
['2018-10-28 23:52:15+00:00'],['#برشلونه_ريال_مدريد @andresiniesta8 #الرسام كان يستمتع بالكلاسيكو pic.twitter.com/C6p1db5RPd'],['Hassan_oS9']
['2018-10-28 23:52:06+00:00'],['جوىدي ألبا: احنا كسبنا ريال مدريد و ريال مدريد بطل دوري الأبطال يبقي احنا اللي كسبنا دوري الأبطال https://twitter.com/RM4Arab/status/1056651405270941697 …'],['noureldeenibrah']
['2018-10-28 23:52:03+00:00'],['رونالدو اللي بيتقال عليه منتهي مع فريق جديد جايب قد نص الاجوال اللي جابها ريال مدريد ف العشر ماتشات اللي اتلعبو لحد دلوقتي حسبي الله ونعم الوكيل ف بيريز pic.twitter.com/ltutDmuzFx'],['MoustafaMousa11']
['2018-10-28 23:51:38+00:00'],['فريق لمده ست سنوات يحصد جميع القاب وسيطر علي اوروبا كلها وفرحنا لعده سنوات لدرجه معش نفرحو بعد نفوزو حتي بدوري الابطال، فا ليس من الغريب مشاهده كل هذه الفرحه من فريق اخر او رؤيه كثير من شامتين لاننا ريال مدريد افرحونا كثيرا لن نحزن حتي من خساره لقب هالا مدريد دائما وابدا'],['AlwerfalyHassan']
['2018-10-28 23:50:58+00:00'],['سعر الدولار اليوم ريال مدريد و 25 قرش.. باهي الي ميسي مالعب راها ارقي'],['JWGMWphuT2qD5Dl']
['2018-10-28 23:50:53+00:00'],['مدريدي امه بتصحيه وبتقوله اصحي يابني الساعة بقت ستة قالها ايه دا هما لسا بيجيبوا اجوان !! #ريال_مدريد_برشلونه @modestboy27pic.twitter.com/kqLzyzDIQT'],['bayoo220']
['2018-10-28 23:50:51+00:00'],['#ريال_مدريد على المدرب الجديد إعادة تأهيل وتدريب اللاعبين بعد أن نسوها برحيل زيدان . رحل عنكم زيدان ورحلت الألقاب .'],['alwzeer982']
['2018-10-28 23:50:22+00:00'],['اليوفنتوس اشترى ريال مدريد ب 100 مليون يورو pic.twitter.com/KtFogkdb5U'],['KhodorAbdallah1']
['2018-10-28 23:50:08+00:00'],['مايفسده الريال يزوده الاهلي ويوم مايعلم بيه الا ربنا.. #الاهلي_الوصل #برشلونه_ريال_مدريد'],['Amouri_74']
['2018-10-28 23:49:41+00:00'],['سعر الدولار اليوم ريال مدريد و 25 قرش.. باهي الي ميسي مالعب راها ارقي'],['JWGMWphuT2qD5Dl']
['2018-10-28 23:49:40+00:00'],['إعادة الكلاسيكو التاريخي للبارسا (5-1) الأن للي حاب يتفرج #برشلونه_ريال_مدريد'],['fcbarcelona_200']
['2018-10-28 23:49:33+00:00'],['خسارة أو فوز مازال ريال مدريد اسطورة و سيبقى نادي القرن هذه سنة الحياة يوم لك ويوم عليك ..عزيزي المدريدي لاتفهمني غلط وتقرأ اول حرف من كل جملة #visca_barça'],['abdesslamhfaied']
['2018-10-28 23:49:29+00:00'],['يارب اصحي علي اقاله لوبتغيني وتعين أرسين فينغر #ريال_مدريد'],['kratos177977']
['2018-10-28 23:49:28+00:00'],['مهاجم ريال مدريد .... مهاجم برشلونة كريم بن زيما صاموئيل ايتو كريم بن زيما تيري هنري كريم بن زيما زلاتان ابراهيموفيتش كريم بن زيما. ديفد فيا كريم بن زيما. لويس سواريز ادري كريم بن زيما لازم علينا لزمة وما ادري وما يقدر النادي يشتري بديل pic.twitter.com/niIX2O7fsx'],['Waleeed_RM']
['2018-10-28 23:49:10+00:00'],['I liked a @YouTube video http://youtu.be/Cc9KHlhYOIQ?a تحليل ماتش برشلونة و ريال مدريد عليه العوض'],['3abdo5aled']
['2018-10-28 23:48:53+00:00'],['#برشلونه_ريال_مدريد فضيحه كرويه وقد اعتاد الريال عليها ليست بشيئ الغريب pic.twitter.com/o8yV7yLoUO'],['Mjalhazmi56']
['2018-10-28 23:48:50+00:00'],['#ريال_مدريد مدريد نادي تاريخه كبير لكن هل التاريخ في التشكيله متواجد؟؟ ماشفنا الا 11 متخاذل تفكيرهم خارج الملعب مقولة مدريد اكبر من اي لاعب غير منطقيه لولا لاعبيه ماصار نادي كبير!!'],['mohammaad0111']
['2018-10-28 23:48:37+00:00'],['اهداء لكل مدريدي عاشق #برشلونه_ريال_مدريد pic.twitter.com/gY0Vbvb7MH'],['Itt7adii']
['2018-10-28 23:48:20+00:00'],['لاوالله لا نستطيع بدأنا ندافع ثم هاجمنا وسنستمر ( القوه القوه لابارك الله بالضعف ) ولدينا كذلك نهضة بلد وبناء لا يمكن ان يتوقف امامنا 5 سنوات فقط لنصدق كلمات سيدي العضيد ونغير وجه #السعودية_العظمى لذلك اجازتنا بعد 5 سنوات من الان #برشلونه_ريال_مدريد #اغلاق_قناه_الفتنه_الجزيره_12'],['GreatSaudiArabi']
['2018-10-28 23:48:01+00:00'],['أخبار نادي برشلونة: هل يستحق لوبيتيجي الإقالة من ريال مدريد؟ فالفيردي يُجيب المزيد من التفاصيل: http://90kora.com/news/721272'],['buzzkoranews']
['2018-10-28 23:47:45+00:00'],['يا ولد بينيتز جاب دوري الابطال مع ليفربول..ريال مدريد ما عطوه فرصة'],['nashi34_']
['2018-10-28 23:47:38+00:00'],['و قعد يقولك ريمونتادا و بتاع يا عم هم عارفين يمسكوا نفسهم علشان يعملوا ريمونتادا #الكلاسيكو #ElClásico #ForçaBarça #برشلونة_ريال_مدريد'],['hobaaa_magdy']
['2018-10-28 23:47:38+00:00'],['هههههه سعر الدولار اليوم ريال مدريد و 25 قرش.. باهي الي ميسي مالعب راها ارقي'],['JWGMWphuT2qD5Dl']
['2018-10-28 23:47:36+00:00'],['مالوش ذنب يا كابتن عمر والله، برغم ان ريال مدريد فيه مذنبين كتير فشخ إلا إن ده لا يمنع ان في ضحايا، أياً كان مبروك الفوز لأنه كان فعلاً مستحق'],['Ma7moudAshour95']
['2018-10-28 23:47:35+00:00'],['اه شمتانيين عشان ريال مدريد أتغلب'],['Ahmednopian']
['2018-10-28 23:47:29+00:00'],['اه ليتها فالدرة كنا بنشوف مباراه أقوى من ريال مدريد والبرشا'],['f9u9_']
['2018-10-28 23:47:22+00:00'],['#برشلونه_ريال_مدريد . فيه بنت هينا بتاق تلعب فيفا ؟ تكلمني يلا حبيباتي ون قيم .'],['ms_juj']
['2018-10-28 23:47:07+00:00'],['#برشلونه_ريال_مدريد كاسيميرو :المدرب أمرني بإيقاف ميسي وهذا ماجعلني قريب جدا من المدرجات في هذه المباراة ولكن فجأة ظهر ذاك الثور سواريز وفعل أشياء جميلة براموس pic.twitter.com/6xgcrggLH4'],['Hassan_oS9']
['2018-10-28 23:46:53+00:00'],['الاس شوهد لوبيتيغي وحيدا عند وصوله إلى مطار مدريد، ووجوه لاعبي ريال مدريد عليها علامات الحزن والألم القاسي. pic.twitter.com/GsXZG8HrgV'],['zrhoni_mohamed']
['2018-10-28 23:46:35+00:00'],|['وقائـع المؤتمـر الصحفـي لبرشلونـة قبـل مواجهـة ريـال مدريد فـي كلاسيكو الارض || برشلونة و ريال مدريد https://barcelonabelarabi.info/%d9%88%d9%82%d8%a7%d8%a6%d9%80%d8%b9-%d8%a7%d9%84%d9%85%d8%a4%d8%aa%d9%85%d9%80%d8%b1-%d8%a7%d9%84%d8%b5%d8%ad%d9%81%d9%80%d9%8a-%d9%84%d8%a8%d8%b1%d8%b4%d9%84%d9%88%d9%86%d9%80%d8%a9-%d9%82%d8%a8-2/ …pic.twitter.com/5BjTKDQi7N']|,['asdaalwatan']
['2018-10-28 23:46:17+00:00'],['مورينهو ليس خيار ريال مدريد إطلاقاً ، مورينهو بنفسه يعلم ذلك. pic.twitter.com/oyauY7dkVo'],['3BooD_9666']
['2018-10-28 23:46:00+00:00'],['ملخص خماسية برشلونة ضد ريال مدريد 5-1 هاتــريك سواريز جنون عصام الشوالي【شاشة كاملة HD】 https://barcelonabelarabi.info/%d9%85%d9%84%d8%ae%d8%b5-%d8%ae%d9%85%d8%a7%d8%b3%d9%8a%d8%a9-%d8%a8%d8%b1%d8%b4%d9%84%d9%88%d9%86%d8%a9-%d8%b6%d8%af-%d8%b1%d9%8a%d8%a7%d9%84-%d9%85%d8%af%d8%b1%d9%8a%d8%af-5-1-%d9%87%d8%a7%d8%aa/ …pic.twitter.com/knIrInTBFB'],['asdaalwatan']
['2018-10-28 23:45:58+00:00'],['الاربعاء 31/10 مليلية vs ريال مدريد السبت 3/11 ريال مدريد vs بلد الوليد الاربعاء 7/11 فيكتوريا بلزن vs ريال مدريد الاحد 11/11 سيلتا فيغو vs ريال مدريد توقف الدوريات'],['mouhcine_tabti']
['2018-10-28 23:45:52+00:00'],['كيف سيذكر التاريخ فوز برشلونة الكاسح على ريال مدريد ؟ https://ift.tt/2Sqb9uv pic.twitter.com/JEStkpjNhN'],['yassinecool2']
['2018-10-28 23:45:50+00:00'],['ناقد رياضي: #ريال_مدريد لن يعقد صفقات كبرى خلال الفترة القادمة التفاصيل .. https://goo.gl/PpPqHA @baladtv @HHathout #الماتش #صدى_البلد #أمير_عبد_الحميد_في_الماتش'],['baladtv']
['2018-10-28 23:45:47+00:00'],['للنوم بعد متعة اليوم من الكتلان #برشلونه_ريال_مدريد'],['i6_9l']
['2018-10-28 23:45:36+00:00'],['ناقد رياضي: ريال مدريد لن يعقد صفقات كبرى خلال الفترة القادمة https://goo.gl/PpPqHA #الماتش @HHathout @baladtv'],['baladtv']
['2018-10-28 23:45:28+00:00'],['الان جماهير برشلونة راح تستلم جماهير ريال مدريد طقطقة لـ فترة الله أعلم كم تبقى من بعد 4 - 0 بدون ميسي الان صارت 5 - 1 بدون ميسي الله يعينكم #برشلونة_ريال_مدريد #ريال_مدريد_برشلونة #الكلاسيكو #ElClasico #كلاسيكو_العالم #كلاسيكو_الأرض'],['mahra6791']
['2018-10-28 23:45:27+00:00'],['بس و الله حتى بعد غياب ميسي و كريستيانو رونالدو عن الكلاسيكو ما زال في حماس و كان كلاسيكو رائع #برشلونة_ريال_مدريد #ريال_مدريد_برشلونة #الكلاسيكو #ElClasico #كلاسيكو_العالم #كلاسيكو_الأرض'],['mahra6791']
['2018-10-28 23:45:27+00:00'],['أداء رائع و مذهل لـ برشلونة حتى مع غياب ميسي لازم يعملوا الكثير لـ ريال مدريد حتى يعودوا كما كانوا قبل رحيل المدرب زيدان و رحيل كريستيانو رونالدو لانه من بعد رحيلهم و هوية الفريق ضائعة #برشلونة_ريال_مدريد #ريال_مدريد_برشلونة #الكلاسيكو #ElClasico #كلاسيكو_العالم #كلاسيكو_الأرض'],['mahra6791']
['2018-10-28 23:45:25+00:00'],['نهاية المباراة : برشلونة 5 - 1 ريال مدريد مبروووووك لـ برشلونة و عشاق برشلونة الفوز في المباراة و هاردلك لـ ريال مدريد #برشلونة_ريال_مدريد #ريال_مدريد_برشلونة #الكلاسيكو #ElClasico #كلاسيكو_العالم #كلاسيكو_الأرضpic.twitter.com/VdB0abMsMo'],['mahra6791']
['2018-10-28 23:45:21+00:00'],['الكينغ و المحارب ارتورو فيدال يسجل أول هدف له مع برشلونة في الكلاسيكو و هو لسى ما كمل 3 دقائق على دخوله كـ بديل يستاهل لاعبنا و ولدنا السابق #برشلونة_ريال_مدريد #ريال_مدريد_برشلونة #الكلاسيكو #ElClasico #كلاسيكو_العالم #كلاسيكو_الأرض'],['mahra6791']
['2018-10-28 23:45:21+00:00'],['قوووووووووول خامس لـ برشلونة من ارتورو فيدال و اسيست من عثمان ديمبيلي بـ الدقيقة 87 رأسية رائعة من الكينغ و المحارب فيدال و يسجل أول هدف له مع برشلونة في الكلاسيكو #برشلونة_ريال_مدريد #ريال_مدريد_برشلونة #الكلاسيكو #ElClasico #كلاسيكو_العالم #كلاسيكو_الأرض'],['mahra6791']
['2018-10-28 23:45:19+00:00'],['هاتريك من لويس سواريز و أمام ريال مدريد مو معقول يا سواريز وين جماهير برشلونة اللي تقول عنه فاشل و ما منه فائدة و تكملة عدد هذا هو سواريز شالكم و رفعكم في المباراة في غياب ميسي #برشلونة_ريال_مدريد #ريال_مدريد_برشلونة #الكلاسيكو #ElClasico #كلاسيكو_العالم #كلاسيكو_الأرض'],['mahra6791']
['2018-10-28 23:45:17+00:00'],['قوووووووووول رابع لـ برشلونة من سواريز و اسيست من سيرجي روبيرتو بـ الدقيقة 83 خطأ من راموس و افتكها سيرجيو روبيرتو و انفراد لـ لويس سواريز أمام كورتوا و سجل الهاتريك #برشلونة_ريال_مدريد #ريال_مدريد_برشلونة #الكلاسيكو #ElClasico #كلاسيكو_العالم #كلاسيكو_الأرض'],['mahra6791']
['2018-10-28 23:45:13+00:00'],['#أسرة_شي_إن #تويته_عن_طقس_مدينتك #افضل_سناب_t #الاهلي_وفاق_سطيف #الدريس_يسيء_لمغردي_الوطن #برشلونه_ريال_مدريد #انعش_قلبك_بالذكر #الدريس_يسيء_لمغردي_الوووطن #السعودية #متعصب_هلالي_يقود_المسابقات #الديربي_الحايلي #امطار_المدينه #امطار_الرياض #أمطار_الرياض #اغلاق_قناه_الفتنه_الجزيرهpic.twitter.com/aoQ92tVq2G'],['SweeTana1616']
['2018-10-28 23:45:12+00:00'],['فعلها بيكيه... مرة أخرى.. #برشلونه_ريال_مدريد pic.twitter.com/p8cVbIH5yM'],['m_alkhameri11']
['2018-10-28 23:45:07+00:00'],['#برشلونه_ريال_مدريد دعوة مظلوم pic.twitter.com/aJKXacrz4T'],['abolezzam']
['2018-10-28 23:45:05+00:00'],['ناقد رياضي: هزيمة #ريال_مدريد من #برشلونة كارثة.. ولا يمكن الاعتماد على بنزيمة التفاصيل .. https://goo.gl/WkvqoA @baladtv @HHathout #الماتش #صدى_البلد #أمير_عبد_الحميد_في_الماتش'],['baladtv']
['2018-10-28 23:44:58+00:00'],['ناقد رياضي: هزيمة ريال مدريد من برشلونة كارثة.. ولا يمكن الاعتماد على بنزيمة https://goo.gl/WkvqoA #الماتش @HHathout @baladtv'],['baladtv']
['2018-10-28 23:44:32+00:00'],['ريال مدريد يستعد لإقالة لوبتيجى وهذا هو البديل http://masrzamanweb.com/y9hiqtnn12dm'],['Madrid4Evers']
['2018-10-28 23:44:13+00:00'],|['لمسات ارثر ميلو ضد ريال مدريد - اول كلاسيكو للبرازيلي الرائع |||| 2018 HD ||||:']|,['soccerlovers123']
['2018-10-28 23:44:08+00:00'],['لأول مرة منذ مايو 2009 نادي ريال مدريد يخسر ثلاث مباريات متتالية في الليغا pic.twitter.com/lgmRAPoukU'],['vipmadridi84']
['2018-10-28 23:44:06+00:00'],['الاس شوهد لوبيتيغي وحيدا عند وصوله إلى مطار مدريد، ووجوه لاعبي ريال مدريد عليها علامات الحزن والألم القاسي. pic.twitter.com/4PU2sNKEN8'],['BarcaArabNet']
['2018-10-28 23:44:04+00:00'],['سواريز لعب 9 مباريات بالكلاسيكو ومسجل 9 بنزيما لعب 18 مباراة مسجل 6 !! ناهيك عن ارقامه الفاضحه بالديربي اكبر قصه عجيبه بتاريخ كرة القدم هي استمراره كمهاجم وبدون حتى على الاقل منافس بنادي عظيم مثل ريال مدريد هرمنا والله'],['Ahmad_rm7']
['2018-10-28 23:43:56+00:00'],['والسنه دي متصدر باكتساح في الابطال علي مجموعه مش بسيطه بيكسب تمانيه في الدوري ميسي اتصاب في اهم فتره في السيزون وبيحقق انتصار كبير علي ريال مدريد وعايزينه يمشي ! نفسهم في الثلاثيه كل سيزون !'],['mohameddiab288']
['2018-10-28 23:43:42+00:00'],['#برشلونه_ريال_مدريد بهدله pic.twitter.com/GYrg3EwVBz'],['teem80199573']
['2018-10-28 23:43:25+00:00'],['برشلونة B يحتل المركز السادس بدوري الدرجة الثانية يعني افضل من مركز ريال مدريد بالليغا pic.twitter.com/5hyVERP9fU'],['BatainehFandi']
['2018-10-28 23:43:07+00:00'],['فى الاوقات السيئه قبل الاوقات السعيده ..ريال مدريد دائماً وابداً #هلا_مدريد'],['eashraf605']
['2018-10-28 23:43:07+00:00'],['#برشلونه_ريال_مدريد . الو ؟الدون افزع لنا هلمره بس نخيناك. الدون: عندي مييتنق الساعه 5.'],['ms_juj']
['2018-10-28 23:42:54+00:00'],['لو الفار موجود من بدايت التاريخ كان ما حدا عرف نادي اسمو ريال مدريد'],['AelGmaeu']
['2018-10-28 23:42:40+00:00'],['#عاجل حسب Onda Cero : خلال الساعات القادمة سيتم إقالة المدرب لوبتيغي وغداً سيعلن ريال مدريد عن تعين المدرب انطونيو كونتي pic.twitter.com/dqlPjlR1gb'],['vipmadridi84']
['2018-10-28 23:42:21+00:00'],['نتائج لما يقوم نادي باكمله على لاعب واحد ! #برشلونه_ريال_مدريد'],['Lb1mu9orsv9Vr0h']
['2018-10-28 23:42:14+00:00'],['I liked a @YouTube video http://youtu.be/wAyUQEK6T9M?a المدفع : الكلاسيكو برشلونة ريال مدريد (5-1) -'],['khalidelzahra']
['2018-10-28 23:42:13+00:00'],['هدف رائع سجله سواريز ضد ريال مدريد https://youtu.be/glwkRmVfnUw via @YouTube'],['TAHRIISMAIL2']
['2018-10-28 23:42:11+00:00'],['ملخص أهداف الكلاسيكو بعد فوز ساحق لنادي برشلونة ب 5 أهداف مقابل 1 على غريمه التقليدي ريال مدريد تقرير : Lhossin Chakir https://www.facebook.com/BifornaAgency.MainPage/videos/606742403074841/ …'],['BifornaAgency']
['2018-10-28 23:41:45+00:00'],['- خط وسط #برشلونة ضد ريال مدريد : •آرثر ميلو : 49 تمريرة بدقة 94% •ايفان راكيتيتش : 69 تمريرة بدقة 94% •سيرجيو بوسكيتس : 62 تمريرة بدقة 92% - #برشلونه_ريال_مدريد'],['Hamod95211Hamod']
['2018-10-28 23:41:42+00:00'],['ريال مدريد يسقط بالخمسه القاضيه من برشلونه ... وبرشلونه يقسوا عليه هو الاخر لينزله الى اسفل سافلين .. ليقبع في المركز الخامس بعد الخمسه الخماسيه المشهوره عذرا مدريد .. وهلا بالخمسه pic.twitter.com/6Gy8mO4ZVX'],['hadi1q2w3e4r5t']
['2018-10-28 23:41:29+00:00'],['#عاجل حسب Radioe stadio : غداً تقديم انطونيو كونتي مدرباً لنادي ريال مدريد pic.twitter.com/iCuum5F8DU'],['vipmadridi84']
['2018-10-28 23:41:28+00:00'],['"ما كان سكُوتي عن غيابك رِضا كنت أبكِي شوق،لكِن بالخّفا #افضل_سناب_t #الشباب_الاكثر_شعبيه #ريال_مدريد'],['hanadial68']
['2018-10-28 23:41:09+00:00'],['هلا فيك مبين هبوط مستوى فريق ريال مدريد هذا الموسم لكن ان شاءالله يرجع'],['mesharir2']
['2018-10-28 23:41:05+00:00'],['برشلونة يلعب وكانه في تمرين او في حديقته الخلفيه خماسية تاريخيه للبرشا ... عندما تقوم ببيع افضل لاعبينك يابيرتيز هذا ماتجنيه لم لدى الريال اي حلول . #برشلونه_ريال_مدريد'],['Walid__ali']
['2018-10-28 23:41:03+00:00'],['أذكى شخصين هنن كرستيانو رونالدو وزيدان عرفو ايمت يتركو ريال مدريد.'],['maheroo']
['2018-10-28 23:40:50+00:00'],['- كيفَ نجَوتَ مِن كُل هَذا الخَرَاب الذي حَدَث ؟ = كُنت اشاهِده مِن المَنزِل مِثلُك !! #برشلونه_ريال_مدريد pic.twitter.com/WtCLpCeJ7e'],['_AhmedRaouf']
['2018-10-28 23:40:49+00:00'],['اهتزت شباك ريال مدريد بخماسية للمرة الأولى، منذ الهزيمة أمام البرسا أيضًا بنتيجة (5-0) تحت قيادة جوزيه مورينيو في الليجا في نوفمبر عام 2010. - بلغ المعدل التهديفي لريال مدريد هذا الموسم 1.5 هدفا في كل مباراة،... https://www.facebook.com/100001867770772/posts/2347451195327117/ …'],['AbdallahHamed12']
['2018-10-28 23:40:37+00:00'],['SPORT : إلى الشارع !! برشلونة يسجل نتيجة تاريخية أخرى في مرمى ريال مدريد و يتسبب في إقالة لوبتيغي pic.twitter.com/TehN6II4Yd'],['nasronasro1988']
['2018-10-28 23:40:27+00:00'],['كان خايف يوم شاف شوط ثاني ريال مدريد يلعبو ع باب واحد'],['cDkv85sfxFfCYut']
['2018-10-28 23:40:24+00:00'],['نعم مدرب ضعيف مدرب ريال مدريد ورئيس شبع بطولات وماعد عنده جديد بس يااستاذ حسن أعجبتني كلمتك (أيها الغبي)'],['abotalaa78901']
['2018-10-28 23:39:50+00:00'],['الامارات بلد الامن والامان الامارات بلد السلام الامارات بلد الاخوه لكل العالم الامارات اغلا وأحلا واسعد بلد #الامارات_والسعودية_قلب_واحد #ريال_مدريد_برشلونه pic.twitter.com/gowlCRmaAi'],['om4r90']
['2018-10-28 23:39:50+00:00'],['ايه الاسبوع الجميل دا يوڤنتوس ، ليڤربول و الزمالك يكسبو .. ريال مدريد تخسر .. الاهلى يتعادل ..'],['m7mdFaawzy']
['2018-10-28 23:39:40+00:00'],['الفضول الاكبر هو هل سيوقع ريال مدريد مع لاعبين بناء على طلب كونتي في الشتاء او الصيف القادمين ؟؟ وابرز مثال وابرز اسم هازرد حيث ان الخلافات بينهم كبيرة جدا'],['q8_zq8']
['2018-10-28 23:39:32+00:00'],['راح كريستيانو و راح هيبة ريال مدريد'],['Saleemalngar90']
['2018-10-28 23:39:10+00:00'],['البا : بالنسبة لي الفوز على ريال مدريد مثل الفوز بدوري ابطال اوروبا pic.twitter.com/T9cHONihnq'],['vipmadridi84']
['2018-10-28 23:38:57+00:00'],['بيكيه: رفع الخماسية بيدك؟ هذه اللحظات يجب ان استمتع بها مع كل الكوليز، وهذا جزء من المنافسة، عليك ان تعمل بجد لتضرب ريال مدريد بخماسية. pic.twitter.com/xq1jMGDiil'],['Sway4sport']
['2018-10-28 23:38:48+00:00'],['ياعم انا بروش على ريال مدريد اصلا !! مش واخد بالك من الخمسه'],['Nasser11Omar']
['2018-10-28 23:38:46+00:00'],['راه مسخوط عزيز عليه يشوف ريال مدريد خاسرين'],['Teacher1wydadi']
['2018-10-28 23:38:19+00:00'],['برشلونة ( 5 – 1 ) ريال مدريد الدوري الاسباني https://www.kooraarabia.com/66975'],['koora_spain']
['2018-10-28 23:38:16+00:00'],['خورخي فالديانو: "روبرتو مارتينيز اعتقد فكره أفضل ، واعتقد انه سيكون أكثر تكيفاً مع ريال مدريد." pic.twitter.com/zvSr38gHx3'],['omar_alshbrm']
['2018-10-28 23:38:15+00:00'],['٥وبدووونن #ميسي بررششاا #برشا #برشلونه_ريال_مدريد'],['iix34__']
['2018-10-28 23:38:08+00:00'],['لا تجعلو كره القدم مجال للتفرقه بينكم ف نحن أبناء وطن واحد و أمه واحده و شعب واحد و خمسه واحد #برشلونه_ريال_مدريد'],['fahadaltaher__']
['2018-10-28 23:38:07+00:00'],|['||￣￣￣￣￣￣￣￣￣￣￣|| 5 بدون #ميسي يامصخرة ||＿＿＿＿＿＿＿＿＿＿＿|| \\ (•◡•) / \\ / --- || || #برشلونه #برشلونه_ريال_مدريد']|,['al_7ayder_80']
['2018-10-28 23:38:01+00:00'],['جوليان بلاسيوش هو أول رئيس لنادي ريال مدريد عام 1902 pic.twitter.com/5peO2cfo91'],['vipmadridi84']
['2018-10-28 23:37:54+00:00'],["#برشلونه_ريال_مدريد الخمسـه قاسيه' pic.twitter.com/VKwD7a5c6u"],['tooth__52']
['2018-10-28 23:37:50+00:00'],|['AS || هي ليست الخُماسية الأولى ; ريال مدريد تعرض لـ وأكثر من برشلونة في مناسبات عديدة ; 1926 , 5-1 1935 , 5-0 1945 , 5-0 1950 , 7-2 1954 , 5-1 1957 , 6-1 1974 , 5-0 1994 , 5-0 2009 , 6-2 2010 , 5-0 2018 , 5-1 بووووم pic.twitter.com/yQheLuY3eD']|,['abnalaaz71']
['2018-10-28 23:37:34+00:00'],['#برشلونه_ريال_مدريد شكل جماعة ريال يوم وهم يتفرجوا ع مباره اللهم لا شماته pic.twitter.com/xzLGAkm1Kk'],['qi_kq']
['2018-10-28 23:37:28+00:00'],['#مهو_تكبر_ولا_غرور_من_الله_هيبه #برشلونة #كلاسيكو #ريال_مدريد #فلسطين #القدس #عراقي_حزين #راب #الاسلام #وسيم_يوسف #محمد_عساف #اليوم #الماضي #نورالزين #سيف_نبيل #عيسى_المرزوق #كيكي… https://www.instagram.com/p/Bpfs-yVA8W5/?utm_source=ig_twitter_share&igshid=1tkfzieenl9du …'],['mrmzuon23']
['2018-10-28 23:37:27+00:00'],['الاهلي و ريال مدريد في يوم واحد ده يوم رزل اوي'],['belllo12']
['2018-10-28 23:37:27+00:00'],|['OLE || حطموهم و بالخمسة ! - حتى و بدون ميسي ، برشلونة فاز على ريال مدريد 5-1 ، مباراة ستبقى في الذاكرة . لويس سواريز فعل كل شيء في المباراة وسجل هاتريك . فريق فالفيردي هو المتصدر و لوبيتيجي من الممكن ان يخسر وظيفته.']|,['barca_news_arab']
['2018-10-28 23:37:23+00:00'],['برشاااا. #برشلونه_ريال_مدريد'],['iix34__']
['2018-10-28 23:37:22+00:00'],['@TalhaAhmad81 ريال مدريد يحتاج تغيير في خط الدفاع كاملا ثم الوسط كاملا ثم الهجوم لأن الاعبين اصبح لديهم تشبع من البطولات لازم دماء جديدة باستثناء حراسة المرمى'],['shroffsubhi']
['2018-10-28 23:37:21+00:00'],['#صالون_سيلينا_للتجميل كوني الأجمل في يوم زفافك، لتربحي أحد عروض العروس ما عليكي سوى أن تقومي بمشاركة المنشور على صفحتك ومنشن لصديقاتك #برشلونه_ريال_مدريد pic.twitter.com/cZKPAXMDI9'],['hodakojan']
['2018-10-28 23:37:18+00:00'],['لما تطلب كونتينهو من الفرع ولا مو اي فرع فرع الصباحيه #برشلونه_ريال_مدريد pic.twitter.com/oyLO2hTL4y'],['TeLLo_Q8']
['2018-10-28 23:37:07+00:00'],['#الدوري_الاسباني ماركا تكشف ماذا فعل لوبيتيجي مع لاعبو ريال مدريد داخل غرفة الملابس https://goo.gl/n4QjHz pic.twitter.com/EXk2vXXPCJ'],['Btolat']
['2018-10-28 23:36:24+00:00'],['هههه خطرت عليا مباراه السعوديه وروسيا في كاس العالم بس اثبتت برشلونه انها فريق متكامل حتى في غياب احد اركانها ميسي #برشلونه_ريال_مدريد'],['Hadeelly2']
['2018-10-28 23:36:21+00:00'],['من افشخ الحاجات الل اتبعتتلي بعد الماتش #برشلونه_ريال_مدريد pic.twitter.com/3nAIVEggkv'],['M_Jenes18']
['2018-10-28 23:35:57+00:00'],['الريال مسوين مصدوميين مو شي جديد ياماكلوها بكل العقود مبرووووك لكل عشاق البرشا #برشلونة_ريال_مدريد pic.twitter.com/lHGjOs0pKK'],['mash_281']
['2018-10-28 23:35:56+00:00'],['حمو بيكا نجم ريال مدريد خاليك موجود لحد ما تنزلو درجه تانيه https://www.facebook.com/mimo.atta7/videos/2198120396878883/ …'],['mimo_atta']
['2018-10-28 23:35:54+00:00'],['مهزله كروية.. يجب ان يعزل رئيس الناجي.. مو المدرب ... لانه سبب كارثة ريال مدريد'],['shabk_labk']
['2018-10-28 23:35:46+00:00'],['راموس: هناك من يعتبر ان ريال مدريد قد مات، ولكن لا يزال هناك الكثير في الموسم. pic.twitter.com/Tinlo28xUK'],['Sway4sport']
['2018-10-28 23:35:42+00:00'],['ههههههههههه #برشلونه_ريال_مدريد'],['the24_9']
['2018-10-28 23:35:30+00:00'],['مشجعين مدريد فريقكم مع الآسف فاشل #برشلونه_ريال_مدريد'],['fa6oo0ooma95']
['2018-10-28 23:35:25+00:00'],['سبورت إلى الشارع! سواريز يلقي بـ لوبيتيغي إلى الشارع خارج اسوار نادي ريال مدريد، بعد ان سجل هاتريك في كلاسيكو الخماسية.'],['barca_news_arab']
['2018-10-28 23:35:21+00:00'],['خورخي فالدانو: "كونتي هو مدرب فني يؤمن بالتنظيم وفي ريال مدريد هناك لاعبين مزاجيين جدا ، مثل بيل أو يسكو" pic.twitter.com/cdc0WAZa3q'],['omar_alshbrm']
['2018-10-28 23:35:19+00:00'],|['برشلونة يسحق ريال مدريد , ويدق المسمار الأخير في نعش لوبيتيجي – في الملعب https://kora-sa.com/2018/10/29/%d8%a8%d8%b1%d8%b4%d9%84%d9%88%d9%86%d8%a9-%d9%8a%d8%b3%d8%ad%d9%82-%d8%b1%d9%8a%d8%a7%d9%84-%d9%85%d8%af%d8%b1%d9%8a%d8%af-%d9%88%d9%8a%d8%af%d9%82-%d8%a7%d9%84%d9%85%d8%b3%d9%85%d8%a7%d8%b1-%d8%a7/20664/ …pic.twitter.com/bZVdLGNb0H']|,['OstoraPlus']
['2018-10-28 23:35:13+00:00'],['اخبار ريال مدريد اليوم الأحد 21/10/2018 - الكشف عن حكم مباراة ريال مدريد وفيكتور بلزن http://dlvr.it/Qp1FCk pic.twitter.com/M8xKYOYEfp'],['Kahn3Kahn']
['2018-10-28 23:34:26+00:00'],['بيكيه: أحتفظ بعلاقة صداقة واحترام مع لاعبين من ريال مدريد، على المستوى الشخصي لا أحب أن أراهم في الموقف الذي هم فيه حاليا. pic.twitter.com/nEdrNo4fo3'],['Sway4sport']
['2018-10-28 23:34:23+00:00'],['ريال مدريد'],['hala14119359']
['2018-10-28 23:34:01+00:00'],['غلاف صحيفة : سبورت !الى الشارع! برشلونة يسجل نتيجة تاريخية اخرى في مرمى ريال مدريد و يتسبب بإقالة لوبيتيجي. قاد لويس سواريز فريق البلاوغرانا بتسجيله هاتريك في مباراة رائعة لفريق فالفيردي بأكمله. افتتح كوتينهو التسجيل، وأغلق أرتورو فيدال أول أهدافه مع البلاوغرانا. pic.twitter.com/kVuwkXck8P'],['zrhoni_mohamed']
['2018-10-28 23:33:53+00:00'],['فاز برشلونة على ريال مدريد بخمسة أهداف مقابل هدف'],['9Wy7TUQvbj99X2L']
['2018-10-28 23:33:45+00:00'],['هذا ريال مدريد ولا الاهلي'],['4everCatalony']
['2018-10-28 23:33:44+00:00'],['ملخص كلاسكو برشلونة و ريال مدريد 28/10/2018: http://youtu.be/O0-5AjzwX4M?a عبر @YouTube'],['3Auditore']
['2018-10-28 23:33:30+00:00'],['كونتي لم يتمكن من رؤية خسارة ريال مدريد بخماسية في الكامب نو، لأنه كان في الطائرة، قاطعا اجازته في مصر، عائدا إلى لندن. pic.twitter.com/fg0gB0GONz'],['Sway4sport']
['2018-10-28 23:33:26+00:00'],['استغفر الله الذي لا اله الا هو الحي القيوم واتوب اليه #برشلونه_ريال_مدريد'],['nawaf_alsahli2']
['2018-10-28 23:33:17+00:00'],['العظماء دائما ما يلعبون ف ريال مدريد'],['m445509']
['2018-10-28 23:32:59+00:00'],['اللي تسميه عنز اليوم ساهم بهدفين على ريال مدريد و هو ما لاعب غير 20 دقيقة ذاك الفرخ لعب من بداية الشوط الثاني و بالأخير ما سوى غير هدف على فريق دوري أوروبي'],['Hussein_KLK']
['2018-10-28 23:32:36+00:00'],['اللهم آتنا في الدنيا حسنه وفي الآخرة حسنه وقنا عذاب النار #برشلونه_ريال_مدريد'],['Marah9913']
['2018-10-28 23:32:27+00:00'],['انا كسبت ريال مدريد الي كسب دوري الابطال اخر 3 سنين كده انا بطل دوري الابطال 3 مرات https://twitter.com/RM4Arab/status/1056651405270941697 …'],['AhmedElbauomy14']
['2018-10-28 23:32:26+00:00'],['#برشلونه_ريال_مدريد لا حول ولا قوة الا بالله .'],['nawaf_alsahli2']
['2018-10-28 23:32:22+00:00'],['#برشلونه_ريال_مدريد عجبتني جدا pic.twitter.com/wQEvWmcuPW'],['SaifBash2']
['2018-10-28 23:32:13+00:00'],['اوعى شوية مسيرات بالشارع تنسيكم الي عملو سواريز في ريال مدريد'],['mhsenmessi']
['2018-10-28 23:32:02+00:00'],|['AS || هي ليست الخُماسية الأولى ; ريال مدريد تعرض لـ وأكثر من برشلونة في مناسبات عديدة ; 1926 , 5-1 1935 , 5-0 1945 , 5-0 1950 , 7-2 1954 , 5-1 1957 , 6-1 1974 , 5-0 1994 , 5-0 2009 , 6-2 2010 , 5-0 2018 , 5-1 pic.twitter.com/hVWaVJzkfo']|,['abnalaaz71']
['2018-10-28 23:31:52+00:00'],|['إيسكو كان أبرز لاعبي ريال مدريد , الإحصائية كلها غلط , إيسكو عمل أكثر من مراوغة صحيحة الكل كان سيء لكن إيسكو ما كان كارثي لهدرجة']|,['albr96']
['2018-10-28 23:31:51+00:00'],['مستقبلاً الكل بيقولون كيف ريال مدريد حقق ٤ ابطال ومهاجمه بنزيما'],['salmotp8']
['2018-10-28 23:31:43+00:00'],['بسب عدم التعاقد مع لاعبين افذاذ مثل رونالدو بيريز جعل ريال مدريد اضحوكه فأكلوهم الخصوم كلنعاج pic.twitter.com/djITZNVsv2'],['salwani52']
['2018-10-28 23:31:40+00:00'],['حسب Radioe stadio : غداً تقديم انطونيو كونتي مدرباً لنادي ريال مدريد pic.twitter.com/28lb9lnXKE'],['qadsya2015']
['2018-10-28 23:31:36+00:00'],['ما هذا يا ريال مدريد 5 وبغياب ميسي pic.twitter.com/8N0y9Ngwrg'],['N8awaf']
['2018-10-28 23:31:27+00:00'],['كونتي لم يتمكن من رؤية خسارة ريال مدريد بخماسية في الكامب نو، لأنه كان في الطائرة، قاطعا اجازته في مصر، عائدا إلى لندن. ( @SkySport)pic.twitter.com/cOsjT9z4HT'],['BarcaArabNet']
['2018-10-28 23:31:24+00:00'],['الريال مسوين مصدوميين شي جديد وهم ياماكلوها بكل العقود #برشلونة_ريال_مدريد'],['991nasnas']
['2018-10-28 23:31:17+00:00'],['محتاج تشوف أهداف محتاج تشوف بطولات محتاج تشوف متعة كروية الحل عندنا كل العليك انك تقدم لاختبارات رابطة برشلونة من يوم الأربعاء المقبل الساعة:٩:٠٠ صباحا و ينتهي التقديم يوم الخميس ٤:٠٠ عصرا و شكرًا تجدون الرابط بأسفل #خمسة_بدون_ميسي #برشلونه_ريال_مدريد pic.twitter.com/Dyfkbys4C5'],['3aZoOoZ_96']
['2018-10-28 23:30:35+00:00'],['ههههههههههههههههههههههههههههههههههههههههههههههههههههههههههههههههه ماكو شي بس تذكرت الخمسه #برشلونه_ريال_مدريد pic.twitter.com/NRjZW38n87'],['R__404']
['2018-10-28 23:30:32+00:00'],['حال ريال مدريد دلوقتي pic.twitter.com/4Bd4xKmbgS'],['mahmoudanwar_5']
['2018-10-28 23:30:29+00:00'],['#الاوندا ثيرو : " يوم غد سيقود لوبيتيغي آخر حصة تدريبية له مع ريال مدريد وبعد ذلك سيتم اقالته ، حتى الان كونتي لم ينهي اجراءات فسخ عقده مع تشيلسي .. سولاري سيقود الفريق مؤقتاً في مباراة مليلة وبعد ذلك تعيين كونتي "'],['A7madRagheb']
['2018-10-28 23:30:28+00:00'],['#برشلونه_ريال_مدريد سبحان الله وبحمده عدد خلقه ورضا نفسه وزنة عرشه ومداد كلماته .'],['nawaf_alsahli2']
['2018-10-28 23:30:13+00:00'],['خورخي فالدانو: "ريال مدريد يعمل دائما بشكل أفضل مع المدربين غير الاستبداديين لأنه كان دائما لديه فريق من اللاعبين الناضجين الذين لا يحتاجون إلى مدربين حادين. pic.twitter.com/m9DIQWZvXu'],['omar_alshbrm']
['2018-10-28 23:30:07+00:00'],['كأداء ريال مدريد كان ممتاز والله ي حادق انت ترتيبك لاحسن لاعيبة ف الماتش مين ؟؟؟ انا بالنسبة لي مارسيلو وكورتوا وبنزيما غير كدة كلهم يطلعوا ع المصحة *ناتشو وايسكو*'],['KKhashapa']
['2018-10-28 23:30:05+00:00'],['#الدوري_الاسباني رسالة فيدال بعد خماسية برشلونة في ريال مدريد بالكلاسيكو https://goo.gl/qbyot4 pic.twitter.com/UveMWbmxP9'],['Btolat']
['2018-10-28 23:29:58+00:00'],['برشلونة ريال مدريد Summary of Barcelona vs Real Madrid 5-1 - Barcelona destroy the Royal five http://gslink.co/duhM'],['TAHRIISMAIL2']
['2018-10-28 23:29:50+00:00'],['اجمل هدف بالكلاسيكو ،، يا جماال رأسية سواريز مبروك للكوليز الـ بدون #برشلونه_ريال_مدريد pic.twitter.com/rico8RRupL'],['sheikh_1988']
['2018-10-28 23:29:48+00:00'],['سانتي نولا ( MD ): برشلونة طبق ضغط مثالي جدا على ريال مدريد في الشوط الأول . بدون ميسي يفتقد الشرارة في الهجوم لكن الفريق اكثر تنظيم و التزام في الشق الدفاعي pic.twitter.com/K62F7gyxGo'],['FCBW_A7']
['2018-10-28 23:29:42+00:00'],|['AS || هي ليست الخُماسية الأولى ; ريال مدريد تعرض لـ وأكثر من برشلونة في مناسبات عديدة ; 1926 , 5-1 1935 , 5-0 1945 , 5-0 1950 , 7-2 1954 , 5-1 1957 , 6-1 1974 , 5-0 1994 , 5-0 2009 , 6-2 2010 , 5-0 2018 , 5-1 pic.twitter.com/xKvUUK9Fg3']|,['FCBW_A7']
['2018-10-28 23:29:36+00:00'],['#برشلونه_ريال_مدريد مع الدون وميسي : 5-0 مع الدون بدون ميسي :4-0 مع الدون و ميسي : 3-0 بدون الدون و ميسي : 5-1 وين المشكله'],['alaser4']
['2018-10-28 23:29:29+00:00'],['#برشلونه_ريال_مدريد مع الدون وميسي : 5-0 مع الدون بدون ميسي :4-0 مع الدون و ميسي : 3-0 بدون الدون و ميسي : 5-1 وين المشكله'],['alaser4']
['2018-10-28 23:28:51+00:00'],['نفسي افهم شي ليش المدريديين حاطين اللوم انة كريس مو موجود عشان كدة انهزمنا ،، افهم من كدة انة من يوم ماجاكم جالسين تجلدونة ولا كيف #برشلونه_ريال_مدريد'],['meeedo9']
['2018-10-28 23:28:38+00:00'],['يا جماعة ريال مدريد اتفشخت انهاردة وانا حزين فشخ عليها'],['Nuureldeen']
['2018-10-28 23:28:34+00:00'],['فالدانو : " روبيرتو مارتينيز يبدو لي افضل حل ، واظن انه سيتاقلم بسرعة مع فريق ريال مدريد " pic.twitter.com/jEGkbcbWb3'],['ZoYaZenat']
['2018-10-28 23:28:21+00:00'],['حين سألت المذيعة وزير خارجية سلطنة عمان لماذا استقبلت عُمان نتنياهو رد قائلاً: لماذا استقبلنا نتنياهو ؟ وهل هو محظور علية ؟! واكمل قائلاً دولة ( اسرائيل ) دولة من دول الشرق الاوسط ! اصبحنا نعترف بكل وقاحه وعلناً وبشكل رسمي بأن اسرائيل دولة ! #خاشقي #برشلونه_ريال_مدريد #عُمان'],['babalthkriat']
['2018-10-28 23:28:20+00:00'],['الكبير كبير اسمه الفريق الملكي ريال مدريد فريق العاصمة وليس فريق ضواحي مثل برشلونة'],['218_00005006']
['2018-10-28 23:28:09+00:00'],['#برشلونه_ريال_مدريد من الفضاوة فيدال المحور يسجل الهدف الخامس.'],['ananajm1']
['2018-10-28 23:28:03+00:00'],['بعد أنباء اقترابه من تدريب « #ريال_مدريد».. #كونتي يغادر #مصر https://bit.ly/2EQhZXv pic.twitter.com/yWd7yTfHKq'],['naharkw']
['2018-10-28 23:27:48+00:00'],['#ارثور #برشلونه_ريال_مدريد مستقبل المتعة في كرة القدم pic.twitter.com/H6VtPG2Y0V'],['Abu_janna']
['2018-10-28 23:27:41+00:00'],['هذا لاعب ريال مدريد'],['Saleemalngar90']
['2018-10-28 23:27:22+00:00'],['سبورت إلى الشارع! سواريز يلقي بـ لوبيتيغي إلى الشارع خارج اسوار نادي ريال مدريد، بعد ان سجل هاتريك في كلاسيكو الخماسية. pic.twitter.com/RC6VXb8q6k'],['BarcaArabNet']
['2018-10-28 23:27:21+00:00'],['2010 +2018 #برشلونه_ريال_مدريد pic.twitter.com/3kAt5hokHy'],['salim_10s']
['2018-10-28 23:27:20+00:00'],['روح الإسماعيلى بتهفهف على ريال مدريد https://twitter.com/RM4Arab/status/1056611372774105089 …'],['NouRan158']
['2018-10-28 23:27:12+00:00'],['ريال مدريد مهما حدث له ... هو قمة كرة القدم https://twitter.com/RM4Arab/status/1056651405270941697 …'],['Cr7fan95853528']
['2018-10-28 23:27:00+00:00'],['فالدانو : " كونتي مدرب يصنع منهحية الفريق ، لكن في ريال مدريد هناك لاعبون احرار مثل بيل و ايسكو ، بيل يستمر تركيزه لسبع دقائق ، ايسكو يلعب بشكل جيد لكن في المركز الذي يريده و لا اعلم ان كان سينجح الامر مع كونتي "'],['ZoYaZenat']
['2018-10-28 23:26:57+00:00'],['ملخص الكلاسيكو أهداف مباراة برشلونة و ريال مدريد 5 1 ثلاثية سواريز:'],['fyIAKZWsBYmGu1M']
['2018-10-28 23:26:48+00:00'],['#برشلونه_ريال_مدريد حفلااااااااااااااااااااااااااااااااااااه برشلونه5 / ريال مدريد1.. إغتصاب وصدارة هع كلاسيكو تاريخي للذكرى pic.twitter.com/NHnJp5iojk'],['A_Elkassapy']
['2018-10-28 23:26:37+00:00'],['#ريال_مدريد هذا اسمه الفريق الملكي ريال مدريد فريق العاصمة مدريد وليس فريق ضواحي مثل برشلونة سيرجع الريال #ريال مدريد'],['218_00005006']
['2018-10-28 23:26:34+00:00'],['فما يتناساه الجميع دوماً أننا فريق عتيق و لا نقبل بأن نبقى بالوضع السئ دوماً ، سنعود أقوى و وقتها سيندم كل من أعماه غضبه و أهان فريقه ، إحترموا ريال مدريد فهو نادٍ عظيم'],['SirOmarsson']
['2018-10-28 23:26:30+00:00'],['كونتي ما ينجح الصراحة مع ريال مدريد ، مو لأني برشلوني ، هو بأي مشكلة مع اللاعب يطرده فورا ، يحب يكون أكبر شي بالفريق والريال كلهم نجوم ، ممكن توصل معاه يتشاكل مع بيريز ما استبعد أفضل حل هو انه تعطون فرصة لغوتي'],['afayad662']
['2018-10-28 23:26:12+00:00'],|['SPORT || الى الشارع !! - برشلونة يسجل نتيجة تاريخية اخرى في مرمى ريال مدريد و يتسبب بإقالة لوبيتيجي pic.twitter.com/BiOivMsRyM']|,['FCBW_A7']
['2018-10-28 23:25:50+00:00'],['5 #برشلونه_ريال_مدريد'],['rfrf187']
['2018-10-28 23:25:22+00:00'],['عطينا كرت ريال مدريد مدار'],['Ly_Robot']
['2018-10-28 23:24:56+00:00'],['كان موجود قائد في الدكه وقائد في الملعب .. وقتهم كنا تاركين الدوري اخر اهتماماتنا .. كان تفكيرنا كيف نهترك اوروبا ونخليها تخضع لسيدها غصب .. راح الزين ومارد .. #برشلونه_ريال_مدريد pic.twitter.com/nXpepAQeEK'],['One1Saad']
['2018-10-28 23:24:46+00:00'],['انتاا بتهزر ولا اى اناا بتتكلم ع ميسى هداف الكلاسيكو اللى ممرجح ريال مدريد بقاله سنين اللى من اكتر فرق جاب فيهم اجوان كانت ريال مدريد ؟؟؟؟؟؟؟؟'],['A7med_omar_11']
['2018-10-28 23:24:33+00:00'],['~ كونتي مدرب يحب النظام وفي ريال مدريد يوجد لاعبين يفضلون اللعب بحرية في الملعب مثل بيل واسكو.'],['issa940923205']
['2018-10-28 23:24:33+00:00'],['اظن كفايه بعد دا يا بيريز #ريال_مدريد pic.twitter.com/nQvqTTJxQ4'],['Moe_salah1']
['2018-10-28 23:24:26+00:00'],['سبورت هاتريك لويس سواريز في مرمى ريال مدريد هو اهداء إلى اطفاله الثلاثة ... لاوتي، ديلفينا وبنجامين. اضاف المهاجم الاوروغواياني 159 هدفا مع البارسا بعد ثلاثيته في الكلاسيكو. pic.twitter.com/O9f765feyH'],['Sway4sport']
['2018-10-28 23:24:13+00:00'],['تفريبا بعد الخمسه اللي اخدتهم ريال مدريد مفيش اكتر من كدا اهداف'],['7asanF']
['2018-10-28 23:24:08+00:00'],['حنا اصلاً بدون ميسي جبنا خمسه شلون لو ماهو مصاب كم تتوقعون النتيجة اما الريال يصيحون ذهب الصعب وليته موجود. يعني بقي @hsab_khere يبي يشوكهاً #برشلونه_ريال_مدريد'],['sahoodshmr']
['2018-10-28 23:24:04+00:00'],['مكنتش عارف اعمل ايش بهل الوحدة غيز أطقطق على ريال مدريد'],['mhsenmessi']
['2018-10-28 23:23:58+00:00'],['~ في ريال مدريد المدربين الذين لم يعملوا على فرض سلطتهم كانوا هم الأفضل، لأنهم سيعملون مع لاعبين ناضجين وليس بحاجة لليد القوية.'],['issa940923205']
['2018-10-28 23:23:55+00:00'],['يوم للنسيان . #ريال_مدريد #الأهلي'],['KakaKaka1284']
['2018-10-28 23:23:53+00:00'],['الحرية جعلت ريال مدريد يخسر بالخمسه ،، الآن حان وقت البحث عن النظام المفقود في مدريد'],['Ali_almutairi']
['2018-10-28 23:23:38+00:00'],['من الطبيعي الكل يشمت في فريق كان منيم اوربا من المغرب هلا مدريد #برشلونه_ريال_مدريد'],['7usamsalem']
['2018-10-28 23:23:36+00:00'],['#برشلونه_ريال_مدريد فيدال وفيدال كلهم سجلو بعد دخولهم ب 3 دقايق pic.twitter.com/HlWu6J5dqT'],['ali_almansari']
['2018-10-28 23:22:58+00:00'],['خورخي فالدانو (أوندا سيرو) : #كونتي هو مدرب يؤمن بالنظام و المجموعة الواحدة وفي ريال مدريد هناك لاعبون يحبون الحرية في الملعب، مثل بيل أو إيسكو. اه و الله بكفي حرية للأطفال pic.twitter.com/Q2jrR5Jqhu'],['alaahajjaj7']
['2018-10-28 23:22:56+00:00'],['لاحد يجيب طاري ريال مدريد لانه عادي مازعلت اساساً الموضوع مايزعل يستاهل بيريز حلال فيه'],['TrvxvrT']
['2018-10-28 23:22:48+00:00'],['#برشلونه_ريال_مدريد اهداء لكل برشلوني جاهل في تاريخ الكلاسيكو pic.twitter.com/jVo9mN5oky'],['mushari7070']
['2018-10-28 23:22:47+00:00'],['بصراحة كنت جاى اتفرج على الكلاسيكو بين برشلونة و ريال مدريد شكله اتأجل اصل لقيت برشلونة بيلعب قدام السنبلاوين #خمسة_علينا #الكلاسيكو'],['MinaMag44840083']
['2018-10-28 23:22:42+00:00'],['جاري البحث على ريال #مدريد pic.twitter.com/hQ5vP0D0po'],['MOHAMED2968m']
['2018-10-28 23:22:30+00:00'],['فالدانو : " ربما دوري الابطال جعل ريال مدريد يخطئ التشخيص عند اتخاذ القرارات في هذا الصيف "'],['ZoYaZenat']
['2018-10-28 23:21:41+00:00'],['اجمل وصف سمعته ب الأمس برشلونه في الملعب كان ١١ ميسي #برشلونه_ريال_مدريد'],['fcbarcelona_200']
['2018-10-28 23:21:35+00:00'],['هذا فريقك وتبي تحقق بطولات اشرب بس #ريال_مدريد_برشلونهpic.twitter.com/nf50lq0d2X'],['Mourinho__one']
['2018-10-28 23:21:30+00:00'],['خوفي ينتقل من ريال مدريد في الشتاء'],['hussuh10']
['2018-10-28 23:21:30+00:00'],['المدريدي شلون يقدر ينام الحين #برشلونه_ريال_مدريد'],['moha_ahmed89']
['2018-10-28 23:21:28+00:00'],['وداعا"ريال مدريد https://twitter.com/sdYeLCIVLYc7hvm/status/1056634111396405249 …'],['sdYeLCIVLYc7hvm']
['2018-10-28 23:21:24+00:00'],['قبل النوم #برشلونه_ريال_مدريد pic.twitter.com/Ebrn5psiHd'],['faisal10_09']
['2018-10-28 23:21:11+00:00'],['اكو ناس بخير و بعالم غير واكو ناس ال5 خسارتها #برشلونه_ريال_مدريد pic.twitter.com/4yQXBcOS0S'],['Joreb11']
['2018-10-28 23:21:10+00:00'],['#برشلونه_الريال ريال مدريد الاسباني ونادي الاتحاد السعودي صابتهم عين هههههههه مبروك للبرشا حبيب قلبي'],['rashdywsf4']
['2018-10-28 23:21:08+00:00'],['ريال مدريد والله صارلي فتره مو ضحك شكرا لان ضحكتوني عليكم #برشلونه_ريال_مدريد'],['Ofhnam']
['2018-10-28 23:20:52+00:00'],['يا هو مكسورة في رصيد نبوا كرت ريال مدريد مدار هههههع'],['bakka_elhasy']
['2018-10-28 23:20:36+00:00'],['سواريز بعد الهاتريك #برشلونه_ريال_مدريد pic.twitter.com/MYtvAJfVvT'],['ihmza_abushaqab']
['2018-10-28 23:20:30+00:00'],['... «مذبحة» ريال مدريد http://www.dawriyah.com/newsdetails.aspx?id=12677582 …'],['dawriyahsp']
['2018-10-28 23:20:27+00:00'],['#تيم_المشاغبين_وفولورز_للصبح ريال مدريد تخسر 5 و الأهلي يتعادل علي ارضه و صلاح مش عارف ايه اللي حصله فاضل ايه تاني يا 2018 pic.twitter.com/EKZzQSO9js'],['lbrahim_shoap']
['2018-10-28 23:20:19+00:00'],['ريال مدريد لا تساوي شئ بدون كريستانو رونالدو'],['mfargghoneem']
['2018-10-28 23:20:14+00:00'],['الاعتماد على ايسكو و اسينسو و فاسكيز اقصد اسبنت خط وسط و أجنحة ريال مدريد و محاولتهم ابراز أنفسهم على حساب بيل وبنزيما - الخطأ فكر الريال نفسه _ لازم يرتكز على لاعبين نجوم غير اسبان'],['NoralhuqWahm']
['2018-10-28 23:20:02+00:00'],['خدعوكم فقالوا ...لن يعاني ريال مدريد بعد رحيل كريستيانو رونالدو ..وداعا ... https://youtu.be/vlseBeWnOdM عبر @YouTube'],['Nezar99230552']
['2018-10-28 23:20:01+00:00'],['ليلة سقوط #ريال_مدريد.. 9 أرقام جديدة تحققت https://bit.ly/2D9GwoL #برشلونه_مدريدpic.twitter.com/cDcBE7XQqb'],['naharkw']
['2018-10-28 23:20:00+00:00'],['هل ستقوم إدارة نادي ريال مدريد بإقالة المدرب جولين لوبيتيغي استجاباً لرغبة الجماهير؟ الرابط البديل: https://goo.gl/SWNqUf https://goo.gl/Auf1PN'],['alaraby_ar']
['2018-10-28 23:19:54+00:00'],['سقط عرش الملك اليوم لأنه لم يعد لديه ولي عهد ، اخر ولي للعهد كان الدون رونالدو #ريال_مدريد'],['MohamedMs6pha']
['2018-10-28 23:19:54+00:00'],['لازال البعض يقول انا لا ألتفت لخروج الاسطورة، اللي يبغانا الله يحييه... حبيبي فريق بدون لاعب حاسم على الاقل هذا اسمه زبالة كما رأيت اليوم #ريال_مدريد #خماسية #هيا_شيل'],['itti_knw']
['2018-10-28 23:19:50+00:00'],['خورخي فالدانو : " ريال مدريد يعمل دائما مع مدربين غير استبداديين ، لانه كان يمتلك لاعبين ناضجين للغاية لا يحتاجون ليد صلبة "'],['ZoYaZenat']
['2018-10-28 23:19:45+00:00'],['صحيفة ماركا المدريدية تقولها علانية: ريال مدريد في أزمة حقيقية الآن .. ليس بسبب الهزيمة الكبيرة فقط ولكن لأنهم في الحقيقة أقرب إلى الهبوط منهم إلى برشلونة صاحب الصدارة. pic.twitter.com/oTEfdV570a'],['BatainehFandi']
['2018-10-28 23:19:35+00:00'],['تمنيت ان الحارس ريفاس نبي نشرمة شرم بس محظوظ البرسا مايرحم الحقيقة #برشلونه_ريال_مدريد'],['sahoodshmr']
['2018-10-28 23:19:32+00:00'],['تشكيلة فريق ريال مدريد المحتملة في الكلاسيكو ضد برشلونة بقيادة الويلزي غاريث بيل https://barcelonabelarabi.info/?p=1225 pic.twitter.com/YicmIVpFiN'],['asdaalwatan']
['2018-10-28 23:19:25+00:00'],['برشلونة سجل الآن في 22 مباراة متتالية في كلاسيكو في جميع المسابقات ، يعادل الرقم ريال مدريد بين عامي 1959 و 1969. pic.twitter.com/8ku9sbt3rI'],['Sway4sport']
['2018-10-28 23:19:23+00:00'],['حلوة منك يا شريف .. خود هي كمان : العربية عاجل : ريال مدريد يقول بأن برشلونة قد خرج من البطولة ... https://twitter.com/sharifhejazi/status/1056597388561969155?s=21 …'],['alaaboyousef']
['2018-10-28 23:18:57+00:00'],['مش واحد ولا اثنيين او ثلاثه 5 واعره #برشلونه_ريال_مدريد'],['DHwKb9zHuiEs1gF']
['2018-10-28 23:18:54+00:00'],['حال ريال مدريد هاذا الموسم pic.twitter.com/y4FdbHKWNt'],['na9irr2']
['2018-10-28 23:18:54+00:00'],['الاهلي يتعادل .. ريال مدريد يخسر .. الأهلي يخسر نهائي أفريقيا من القبيلة البائسة إيه يا دنيا في تاني ولا خلاص ؟!'],['ShaDy_BaKaR']
['2018-10-28 23:18:37+00:00'],['الكلاسيكو برشلونة و ريال مدريد I احصائيات و ارقام رهيبة في مباريات الكل... https://youtu.be/-DxEj3ShtGA via @YouTube'],['anlm111']
['2018-10-28 23:18:36+00:00'],['اللي ما يعرف لكرة القدم يشجع ريال مدريد او برشلونة'],['Saudkuwaiti']
['2018-10-28 23:18:29+00:00'],['نقاط يجب التحذير منها: ١-عدم زيادة السرعة فوق ٨٠/كيلومتربالساعه ٢-استغلال الشوارع الفاضية ٣-الابتعاد عن أماكن الاستهتار ٤-تجنب برك المياه على حواف الطريق ٥-برشلونه :١-ريال مدريد #برشلونه_ريال_مدريد'],['hm___191']
['2018-10-28 23:18:26+00:00'],['#برشلونه_ريال_مدريد - الا ليت الزمان يعود يوماً pic.twitter.com/lY8b7IXGar'],['Albara_alhammad']
['2018-10-28 23:18:09+00:00'],['الريال بحاجة الى تجديد عناصره خاصة في الوسط والهجوم ..! بعضهم افلس وبعضهم أخذ اكبر من حجمه ..! #برشلونه_ريال_مدريد'],['One1Saad']
['2018-10-28 23:17:51+00:00'],['لو دمبلي وفيدال نازلين من بداية الشوط الثاني كان نتيجه تكتب بالتاريخ #برشلونه_ريال_مدريد'],['sahoodshmr']
['2018-10-28 23:17:45+00:00'],['قلناها ومازلنا نتكلم ان سبب ريال مدريد هو رئيس الحالي فلورنتينو بيريز العربية MIRROR SPORT : لعنة كرستيانو رونالدو تلاحق فلورنتينو بيريز: http://www.aminebela.com/2018/10/blog-post_8.html …'],['qOI5KjAekGpPePu']
['2018-10-28 23:17:45+00:00'],['فيه فرق بين مشجع النادي ومشجع اللاعب الاول يعرف الوفاء لناديه وانه مايوقف على أحد... النوع الاخر ما يعرف الا الدفاع عن لاعبه ولا يهمه احد ريال مدريد حاليا خارج هذا السياق لازالت المجموعة مستمرة بنفس النهج على وجود لاعب حاسم لا يلام البعض على رثاء الدون لان ماعندنا البديل'],['itti_knw']
['2018-10-28 23:17:33+00:00'],['سيبه يا كريستيانو يعتمد علي نفسه #الكلاسيكو #ElClásico #ForçaBarça #برشلونة_ريال_مدريد pic.twitter.com/XjbvAggfLj'],['hobaaa_magdy']
['2018-10-28 23:17:06+00:00'],['#برشلونه_ريال_مدريد pic.twitter.com/jDfHACk4Tu'],['abda11h55']
['2018-10-28 23:16:42+00:00'],['#برشلونه_ريال_مدريد أفضل باك شمال حالياً وعدم استدعاؤك للمنتخب ظلم كبير pic.twitter.com/c0TPAxZWDR'],['abdoviic']
['2018-10-28 23:16:33+00:00'],['فالدانو : " ريال مدريد عاد لاسطورة السلطة ، المدرب يجب ان يتم اختياره بحسب اللاعبين الذين تمتلكهم في الفريق " pic.twitter.com/kUUKr7aYeo'],['ZoYaZenat']
['2018-10-28 23:16:32+00:00'],['وبمناسبة فوز البارسا على ريال مدريد وكي لا ننسى نقدم التهاني للمقبور حافظ ويلعن روحك يا حافظ ونبشر الجحش بشار بأنه ساقط لا محالا'],['ahmadadadad']
['2018-10-28 23:16:22+00:00'],['ريال مدريد شال 5-1 و سواريز هاتريك ميلان كسب سامبدوريا 3-2 نابولي و روما 1-1 الاهلي و الوصل 2-2 بأداء خرا ارسنال اتعادل مع البالاس 2-2 تشيلسي كسب بيرنلي 4-0 و مانشيستر كسبت ايفرتون 2-1 باريس كسبت مارسيليا 2-0 و اخيرا ليستر لسة منزل بيان رسمي ان مالك النادي مات في الطيارة'],['MoYousef19']
['2018-10-28 23:16:12+00:00'],['هدف فيليب كوتينهو في مرمى ريال مدريد جاء بعد 30 لمسة متاكدين اللي لعب معنا بالأمس مدريد ولا النصر pic.twitter.com/ktcLs6ybjp'],['Hatm_alqahtani']
['2018-10-28 23:16:11+00:00'],['عصام الشوالي : جوردي ألبا أفتتح شارع أسمه "ناتشو" في دفاع ريال مدريد pic.twitter.com/QEzvEH9chD'],['Sway4sport']
['2018-10-28 23:16:07+00:00'],['لكل جواد كبوة . ريال مدريد بيرجع أقوى ، لا تتشمت'],['ABD78379011']
['2018-10-28 23:16:05+00:00'],['#برشلونه_ريال_مدريد المدريدي لا تسوي نفسك مستغرب،ترا متعودين pic.twitter.com/WQHcGH4kCZ'],['Ahmed35797']
['2018-10-28 23:16:04+00:00'],['#برشلونه_ريال_مدريد أول غيابك قلت مابي خلاف ...واليوم شف حالي غيابك تلفها ...نعم تذكرت الزمان اللذي طاف ...غديت مثل اللي عيونه طرفها . pic.twitter.com/nkwP53e8XT'],['E7Va5']
['2018-10-28 23:16:00+00:00'],['بيان رسمي: ليستر #ريال_مدريد http://bit.ly/BRasmy_Leicester …'],['realmadridarab']
['2018-10-28 23:15:55+00:00'],['مبروك برشا بكل روح رياضية #برشلونه_ريال_مدريد'],['Laila_drbas']
['2018-10-28 23:15:51+00:00'],|['#ون_تو || نكبة مدريدية جديدة.. بخماسية برشلونية المذيع: الزميل مشاري الخزيم https://youtu.be/iIW74_yoId0 الرواد: فرج لهيب - ناصر العمران - عبدالله أشكناني - محمد سهيل #برشلونه_ريال_مدريد .. #ElClasico .. #كلاسيكو_الارضpic.twitter.com/LQcBuG4g5u']|,['atvkw']
['2018-10-28 23:15:51+00:00'],['سيد : #برشلونة يقسو على #ريال_مدريد بخماسية http://www.dawriyah.com/newsdetails.aspx?id=12677748 …'],['ragami2']
['2018-10-28 23:15:51+00:00'],|['Let us leave mi amigo, Perez’s house is about to fall down ! لنرحل يا صديقي من بيت بيريز الآيل للسقوط! #RealmadridvsBarcelona #RealMadridfc #ريال_مدريد #ريال_مدريد_برشلونهpic.twitter.com/beC0qnZvKO']|,['AbdulmohsinH']
['2018-10-28 23:15:46+00:00'],['غابت الاسود #برشلونه_ريال_مدريد pic.twitter.com/hhfm8mLgRf'],['mosherifovic']
['2018-10-28 23:15:43+00:00'],['بوسكيتس: الفريق عرف كيف يعاني مع نتيجة 2-1، من الطبيعي أن يرغب ريال مدريد بالعودة في النتيجة. وإستغلال تلك الدقائق الاي فقدنا فيها التنظيم. لكننا قدمنا مباراة كبيرة والهدف الثالث حسم الأمور بالنسبة لنا. pic.twitter.com/Qjd5B4WBak'],['forcabarca_ar']
['2018-10-28 23:15:33+00:00'],['#برشلونه_ريال_مدريد فيسكا برسا pic.twitter.com/leXdKeqB7M'],['abdoviic']
['2018-10-28 23:15:23+00:00'],['كلين9 بمستخلص الصبار الطبيعي ١٠٠٪ منتج تشهد له التجارب لا يحتوي هذا المنتج على اي مواد كيماويه ولا يسبب اي عوارض جانبيه ولا يتعارض مع اي مرض ولا يمنعك من الطعامكلين 9: ان مجموعة كلين 9 الجديدة والمحسنة للطلب والاستفسار التواصل خاص #برشلونه_ريال_مدريد pic.twitter.com/QJVirSbdxQ'],['yKIqHiZsJgPJNap']
['2018-10-28 23:15:18+00:00'],['@realmadridarab #الكلاسيكو #ElClásico #ForçaBarça #برشلونة_ريال_مدريد pic.twitter.com/brJPCUGA4W'],['hobaaa_magdy']
['2018-10-28 23:15:17+00:00'],['#برشلونه_ريال_مدريد pic.twitter.com/ROVWTPKGhS'],['engii8ii']
['2018-10-28 23:15:14+00:00'],['جدول الدوري الإسباني #ريال_مدريد في المركز التاسع بفارق 7 نقاط عن المتصدر #برشلونة pic.twitter.com/Lxb9hhtmBm'],['goooolmx']
['2018-10-28 23:15:13+00:00'],['بقالنا 3 مواسم مرة 4 ومرة 3 ومرة 5 الواحد زهق #الكلاسيكو #ElClásico #ForçaBarça #برشلونة_ريال_مدريد'],['hobaaa_magdy']
['2018-10-28 23:15:04+00:00'],['خسر ريال مدريد ثلاث مباريات متتالية في الدوري لأول مرة منذ مايو 2009. pic.twitter.com/xO6LqScGFm'],['Sway4sport']
['2018-10-28 23:14:52+00:00'],['يلا ربع ساعه ضايل مين بتشجعوب الكلاسيكو ؟ ١. ريال مدريد ٢. برشلونه — https://lap78.ask.fm/igoto/45DKECPW7B667HQMHN2IG6NM6KDDLKIISH5KXCN6BX62BYFIRBZZOZSIFBG4ARZ2KGZPYGKEA4YFKEQPY43OA7PQPXYJZAR4WADRBPSOBVOTSMP6GWOCQ27RTGTO7XSURD2YCHA63XFWDHGDLCBQM43A6HAGR4EUY3LAP6TNWK2OEUUDLFOUVQHX5FR2P3XGTIUKEOQF7U====== …'],['mohdrsh']
['2018-10-28 23:14:22+00:00'],['الكلاسيكو برشلونة و ريال مدريد I احصائيات و ارقام رهيبة في مباريات الكلاسيكو:'],['anlm111']
['2018-10-28 23:14:13+00:00'],['يا سهيل اللعنه حلت علي العار ريال مدريد بعد ما تعمد القذر راموس باصابة محمد صلاح لكي يجلب لفريقه البطولة ريال مدريد راح يرجع لوضعه الطبيعي حده دور ال١٦ دوري الابطال واللي ما يعرف لكرة القدم يشجع برشلونه او ريال مدريد'],['Saudkuwaiti']
['2018-10-28 23:13:42+00:00'],['جيفرين سواريز ( برشلونة سابقا ): احب تذكر هدفي الخامس على ريال مدريد ، هو افضل هدف سجلته في كل مسيرتي . pic.twitter.com/beHccO5F2F'],['FCBW_A7']
['2018-10-28 23:13:16+00:00'],['والله بعد الدون ريال مدريد تحت الأقدام'],['Alisatt68458525']
['2018-10-28 23:13:07+00:00'],['عند بداية الشوط الثاني وإحراز ريال لهدفها الوحيد يعلق الشوالي بأنهم لا بد قد تلقوا مكالمة من الملك الأسباني.. لو صبر قليلا #برشلونه_ريال_مدريد'],['ghraneek']
['2018-10-28 23:12:59+00:00'],['هذا نفس الهدف وعلى نفس الفريق #ريال_مدريد_برشلونهpic.twitter.com/Sxi3WR27Q5'],['nayefeng']
['2018-10-28 23:12:54+00:00'],['للاسف بنزيما نكد عليا زي ما نكد على جماهير ريال مدريد مسابقة توقعات لنتيجة الماتش واللي هيتوقع صح هيكسب سويت شيرت برشلونة بس للاسف بنزيما معرفش يحط جون يكسبني بيه حسبي الله ونعم الوكيل pic.twitter.com/ETtNoKNia0'],['kareemkelani']
['2018-10-28 23:12:48+00:00'],|['ردة فعلي على لقاء الكلاسيكو برشلونة ريال مدريد ||أين إختفوا ؟ https://youtu.be/hGOrubbvs3s عبر @YouTube']|,['leo10messi1889']
['2018-10-28 23:12:23+00:00'],['الأهداف التي تلقاها تيبو كورتوا خلال 8 مباريات لعبها مع ريال مدريد: (1) أمام ليجانيس (1) أمام أتليتك بلباو (0) أمام إسبانيول (3) أمام إشبيلية (0) أمام أتليتكو مدريد (1) أمام ديبورتيفو الافيس (2) أمام ليفانتي (5) أمام برشلونة pic.twitter.com/7aTRMdmcrD'],['Sway4sport']
['2018-10-28 23:12:20+00:00'],['شكرا عزيزي المدريدي هل اقتنعت الآن بأن البرشا ليست ميسي فقط؟؟؟ هل اقتنعتم الآن بأن رونالدو هو الريال بأكمله؟؟ ل أصحاب العقول النيرة #فيسكا_كتالونيا #فيسكا_البرشا ريال مدريد مع كريستيانو: "يخسر 5 من برشلونه" ريال مدريد بدون كريستيانو: "يخسر 5 من برشلونه" pic.twitter.com/h2uCe4wPEp'],['AlgamRex']
['2018-10-28 23:12:18+00:00'],['لا ي علي الدوري مهو مثل الابطال الانديه تحلم بالمشاركه وتحقيق بطوله واحده عكس الدوري و برشلونه جدد دماء لاعبيه عكس ريال مدريد'],['kgu47']
['2018-10-28 23:12:14+00:00'],['ريال مدريد مع #زيزو هذا هو الريال اللذى نعرفه https://twitter.com/Egypt_Football/status/1056683255892754434 …'],['3laaelhanbaly']
['2018-10-28 23:12:14+00:00'],['I liked a @YouTube video http://youtu.be/8qO_vPbVPdA?a برشلونة يسحق ريال مدريد .. كيف انهار الملكي؟'],['alpahare']
['2018-10-28 23:12:05+00:00'],['اخبار ريال مدريد اليوم الاثنين 29/10/2018 - ???? راموس فالطريق السريع لتدمير نفسة … على خطى كاسياس http://dlvr.it/Qpp3Qm pic.twitter.com/ruTDfn2HOF'],['PLUS__SPORT']
['2018-10-28 23:12:05+00:00'],['صعبان عليا فشخ .. ضيّع على نفسه كاس العالم عشان حلم ريال مدريد .. وفي الاخر رقص ع السلم لا طال كاس عالم ولا طال مدريد .. https://twitter.com/ManarSarhan/status/1056684630303236097 …'],['Khayat96']
['2018-10-28 23:11:59+00:00'],['الصحفي المدريدي المتعصب ايدو اغيري: لنكن صريحين زمن ريال مدريد انتهى برحيل رونالدو وزيدان pic.twitter.com/I3pcYggZ4p'],['Sway4sport']
['2018-10-28 23:11:57+00:00'],['لمن فاته برشلونة ٥ - ١ ريال مدريد اهداف اللقاء https://twitter.com/FGoal00/status/1056593415020908546/video/1 …'],['ahdaf123']
['2018-10-28 23:11:54+00:00'],['كان بيلعب في ريال مدريد باك يمين انما ف المنتخب ودورتموند بيلعب باك شمال'],['Rossii10']
['2018-10-28 23:11:51+00:00'],|['|| ماركا : لوبتيغي ودّع لاعبي ريال مدريد في غرفة خلع الملابس pic.twitter.com/960dPYOLxQ']|,['o15sport']
['2018-10-28 23:11:48+00:00'],['ايام الأسبوع : الأحد الاثنين الثلاثاء الأربعاء ريال مدريد الجمعة السبت'],['zeenakaif']
['2018-10-28 23:11:33+00:00'],['#برشلونه_ريال_مدريد هههههههه 5 عاد وش صاير ياناس'],['a5a55aa']
['2018-10-28 23:11:31+00:00'],['@realmadridarab #الكلاسيكو #ElClásico #ForçaBarça #برشلونة_ريال_مدريد pic.twitter.com/H5Irjr14Vp'],['hobaaa_magdy']
['2018-10-28 23:11:26+00:00'],['أنطونيو كونتي سوف يصبح المدرب الثالث إيطالي في تاريخ ريال مدريد يقود المرينجي بعد فابيو كابيلو وكارلو أنشيلوتي. pic.twitter.com/Lo1vSqIazX'],['Sway4sport']
['2018-10-28 23:11:19+00:00'],['كان يا ما كان كان منيم الكامب نو فى شوال #ريال_مدريد pic.twitter.com/UuVlQKsut2'],['ahmed_zared']
['2018-10-28 23:11:17+00:00'],['#برشلونه_ريال_مدريد Hi pic.twitter.com/52OteTGQJ5'],['hony_86']
['2018-10-28 23:11:14+00:00'],['من 2014 برشلونه أشترى كميه كبيره من اللاعبين وبعض اللاعبين ماجتهم فرصه للعب المنتظم وأغلب اللاعبين اللي أشتراهم متمرسين وأساسيين في أنديتهم من غير اللاعبين السوبر ومن غير اللي يملكهم وبيريز يشتري أطفال ويبيع نجوم .. #برشلونه_ريال_مدريد'],['pzL3oZXLjQsOyru']
['2018-10-28 23:11:13+00:00'],['ماركا: لوبيتيجي ودّع لاعبي ريال مدريد في غرفة خلع الملابس https://3ajl24.com/2018/10/28/%d9%85%d8%a7%d8%b1%d9%83%d8%a7-%d9%84%d9%88%d8%a8%d9%8a%d8%aa%d9%8a%d8%ac%d9%8a-%d9%88%d8%af%d9%91%d8%b9-%d9%84%d8%a7%d8%b9%d8%a8%d9%8a-%d8%b1%d9%8a%d8%a7%d9%84-%d9%85%d8%af%d8%b1%d9%8a%d8%af-%d9%81/ …pic.twitter.com/rhHpiaXryz'],['3ajl24news']
['2018-10-28 23:11:13+00:00'],['بينما ديمبلي يدعس ريال مدريد بالخمسة هناك طفل يقارن به لأنه سجل على مارسيليا'],['Hussein_KLK']
['2018-10-28 23:11:11+00:00'],['#برشلونه_ريال_مدريد pic.twitter.com/zF0bXbXYVo'],['hony_86']
['2018-10-28 23:11:11+00:00'],['#ElClasico #CampNou #ForçaBarça #برشلونه_مدريد #برشلونه_ريال_مدريد https://twitter.com/fcbarcelona_ara/status/1056607581349822467 …'],['iBelalAbdallah']
['2018-10-28 23:11:07+00:00'],['#برشلونه_ريال_مدريد الرد الناري . للسفاح لويز سواريز .. على جموع المدريديستا ... pic.twitter.com/bfcOaSJNtW'],['tarif_506']
['2018-10-28 23:10:55+00:00'],['مش عودنا يسجل بالطريق هاذي #برشلونه_ريال_مدريد pic.twitter.com/k8ddrmtDrf'],['nayefeng']
['2018-10-28 23:10:53+00:00'],['من تُفضّل أن يقود ريال مدريد بالفترة القادمة للخروج من الازمة الحالية ؟ #RM4A'],['RM4Arab']
['2018-10-28 23:10:52+00:00'],['#برشلونه_ريال_مدريد مادري وش اقول بس جد جد كرهته نفسي بكره وش يفكني من البرشليون ٥طارت الخمسه'],['aehh2017']
['2018-10-28 23:10:36+00:00'],['نومكم سواريز مبجر اليوم #برشلونه_ريال_مدريد'],['Alobaidli1234']
['2018-10-28 23:10:29+00:00'],['ريال مدريد النهاردة #الكلاسيكو #ElClásico #ForçaBarça #برشلونة_ريال_مدريد pic.twitter.com/agjOUC6qPl'],['hobaaa_magdy']
['2018-10-28 23:10:26+00:00'],['تقارير إسبانية : خسارة #كلاسيكو_العالم تقرّب كونتي من ريال مدريد خلفا للوبتيغي pic.twitter.com/gge5Kwm1ox'],['SharjahSportsTV']
['2018-10-28 23:10:23+00:00'],['أتمنى ماشوف بيل وبنزيما وايسكو يلعبون مره ثانيه للريال والتخلص منهم ب اي طريقه حتى لو احتاج ذلك لفريق مكون من ١٥ شخص معهم طبيب شرعي . #برشلونه_ريال_مدريد'],['sllomovic']
['2018-10-28 23:10:20+00:00'],['برشلونا خرب كلاسيكو الارض #برشلونه_ريال_مدريد'],['mafl7']
['2018-10-28 23:10:19+00:00'],['الصحفي المدريدي توماس رونسيرو : ريال مدريد اعتاد على هذه النتائج بدون كريستيانو رونالدو ! pic.twitter.com/CHjpkEmnsT'],['Sway4sport']
['2018-10-28 23:10:18+00:00'],['نقاط يجب الحذر منها عند نزول المطر : 1 عدم زيادة السرعة فوق80. 2 استغلال الشوارع الفاضية 3 الابتعاد عن اماكن الاستهتار 4 تجنب برك المياه على حواف الطرق 5 برشلونة : 1 ريال مدريد'],['khajah66']
['2018-10-28 23:09:46+00:00'],['شهالمباراه الي تفتح النفس ؟ #برشلونه_ريال_مدريد'],['alrashedf3']
['2018-10-28 23:09:46+00:00'],['#برشلونه_ريال_مدريد اغتصاب كاتلوني لصغير مدريد بدون ميسي خماسيه اجل لو ميسي لعب كم تنتهي 10 لاخوف ع البرشا بضل كوتينيو وسواريز وديمبلي وبوسكيتس'],['A___96___']
['2018-10-28 23:09:46+00:00'],['مركز ريال مدريد مع تقنية الفيديو !! هل فهمتم لماذا كان يرفضها بيريز pic.twitter.com/UjBelahSqY'],['AAlhizam']
['2018-10-28 23:09:39+00:00'],['#برشلونه_ريال_مدريد وظايف للنساء وانتي في بيتك'],['X0edOijqBssZCkV']
['2018-10-28 23:09:38+00:00'],['اقتراب كونتي من تدريب الريال و هو منتظر غدا في مدريد حسب صحيفة فرانس فوتبول الفرنسية #برشلونه_ريال_مدريد pic.twitter.com/finEYEBvEM'],['kacem220']
['2018-10-28 23:09:29+00:00'],['والله 5 #برشلونه_ريال_مدريد'],['MAARAMZI']
['2018-10-28 23:09:23+00:00'],['“خماسية برشلونة في الكلاسيكو وسقوط ريال مدريد في ملخص اليوم الأثنين” https://twitter.com/i/moments/1056683464530055168 …'],['ReyadaCom']
['2018-10-28 23:09:12+00:00'],['برشلونة بيكسب ريال مدريد بالخمسة و الستة في مدريد برونالدو او من غير'],['HossamElwakil']
['2018-10-28 23:09:12+00:00'],['#ريال_مُدريد_برشٍلونهpic.twitter.com/lVcfa4Zd6n'],['Abomqrn11']
['2018-10-28 23:09:09+00:00'],['ريال مدريد ؟'],['aziz_alkhaldi18']
['2018-10-28 23:09:00+00:00'],['من زمان ساقط ريال مدريد'],['Odaaiz']
['2018-10-28 23:08:16+00:00'],['الايام بتحكم بنظرتي في كونتي ونشوف .. مو شرط هالموسم بنشوف المواسم الجاية لان الدوري هالموسم ابتعد .. والابطال بهاللاعبين صعب جدا لكن تعاقداته بتفرق مع الفريق تماما ونشوف ريال مدريد قوي جدا'],['hd_Semo']
['2018-10-28 23:08:10+00:00'],['برشلونة فشخ ريال مدريد ٥/١ مع الرأفة بدون ميسي يا نصار "تصحيح" تشيلسي كسب اربعه صفر مش ٣'],['hady_reds']
['2018-10-28 23:08:10+00:00'],['ريال مدريد يستعد لإعلان اقالة لوبيتيغي وتعيين كونتي https://www.sportsnewsdz.com/ مدريد-يستعد-لإعلان-اقالة-لوبيتيغي-وتع/'],['HMOURAD1974']
['2018-10-28 23:07:40+00:00'],['اذا أردت أن تحقق أهدافك ؛ سجلها لتبقى أمام عينيك وتبقى حاضرة في ذهنك .. فتسعى إليها بشتى الطرق . . #برشلونه_ريال_مدريد يسعد صباحكم'],['DrH_87']
['2018-10-28 23:07:38+00:00'],['اه والله ريال مدريد مجاش الماتش'],['TarekNour11_']
['2018-10-28 23:07:37+00:00'],['مبروووك لعشاق المتعه برشلونه الفوز الكبير في الكلاسيكو بخماسيه تاريخيه #برشلونه_ريال_مدريد'],['alsly10']
['2018-10-28 23:07:35+00:00'],['#برشلونه_ريال_مدريد'],['alkooon888']
['2018-10-28 23:07:34+00:00'],['اهداف برشلونة و ريال مدريد البرشا يسحق الريال بخمسية نظيفة: http://youtu.be/TmwY8N7deN4?a'],['maged12557099']
['2018-10-28 23:07:30+00:00'],['دى كانت حفلة بنت دين كليب خراب #برشلونه_ريال_مدريد'],['monzeratta1']
['2018-10-28 23:07:29+00:00'],['بيدريرول : " برشلونة اهانوا ريال مدريد بدون ميسي " pic.twitter.com/XN9T2s5QVS'],['ZoYaZenat']
['2018-10-28 23:07:29+00:00'],['#متعصب_هلالي_يقود_المسابقات اتمنى تركي ال الشيخ ينظف لنا الاتحاد السعودي من الهلاليين ياخي خلاص كم سنه وهم يسرقون البطولات سرقة وبالغصب يعني معقوله كل سنه لازم بطولتين حسيت انهم ريال مدريد او برشلونة لكن الحقيقة فيه من يدعمهم ويدلعهم'],['DMNhaayMbezuYwc']
['2018-10-28 23:07:22+00:00'],['ويبقى ريال مدريد هو الأقوى فى التاريخ وعلى مر العصور والأول فى كل شيئ ،وفى كل الأرقام والألقاب محليا وفى أوروبا والعالم بأكملة وبعد ثلاثة متتالية وخيالية فى دورى الأبطال لا يستطيع عليها أى أحد سوى الملك استمتعوا قليلا قبل أن يعود ويحرق كل الخصوم دئما وأبدا (هلا مدريد) pic.twitter.com/4dBJb2W3ob'],['mohamed79834839']
['2018-10-28 23:07:18+00:00'],['#برشلونه_ريال_مدريد pic.twitter.com/krUj96DD8i'],['WsgSqyCaVguspUQ']
['2018-10-28 23:07:16+00:00'],['كونتي سيكون مدربا لريال مدريد - #برشلونه_ريال #برشلونة_ريال_مدريد pic.twitter.com/tuz9yjO1z6'],['xiie_6']
['2018-10-28 23:07:16+00:00'],['#برشلونه_ريال_مدريد غياب رونالدو مؤثر https://twitter.com/meezo84/status/1056683008302956544 …'],['ows33']
['2018-10-28 23:07:04+00:00'],['#برشلونه_ريال_مدريد لا تأسفن على غدر الزمانِ لطالما رقصت على جثث الاسودِ كلابُ pic.twitter.com/IivJOTmSz9'],['Sami99811']
['2018-10-28 23:07:02+00:00'],['ملخص الكلاسيكو صاعقه برشلونه علي ريال مدريد 5/1 و هاتريك... http://youtu.be/pd309heqkCY?a'],['mohamedmido1411']
['2018-10-28 23:06:44+00:00'],['فيسگا برساااا #برشلونه_ريال_مدريد pic.twitter.com/srYEpWeg5e'],['Salah_helal_14']
['2018-10-28 23:06:27+00:00'],['#كلاسيكو_الارض #برشلونه_ريال_مدريد #ملوك_الصالات #الزمالك_بطل_أفريقيا #ميدو_خط_احمر #الوصل_الاهلي #كأس_زايد_للأندية_الأبطالpic.twitter.com/1IFxP4e23Y'],['shahrazad1o']
['2018-10-28 23:06:23+00:00'],['#برشلونه_ريال_مدريد ميسي في ذي الليلة جزء من المتعة مفقود.. pic.twitter.com/FIv5mXAmnr'],['ali15_S']
['2018-10-28 23:06:13+00:00'],['#خليفة_سات #برشلونه_ريال_مدريد pic.twitter.com/foWvZqqnmI'],['wnsni_8']
['2018-10-28 23:05:56+00:00'],['-- اكتر حاجه مفرحاني ان ال بيشجعوا ريال مدريد مش مقتنعين انهم اتهانوا وبالخمسه كمان.. معلش حاسس بيكو'],['EaKaaFcb']
['2018-10-28 23:05:54+00:00'],['النتيجة اشد فتنه من النساء #برشلونه_ريال_مدريد'],['sa_samermohamed']
['2018-10-28 23:05:47+00:00'],['لو لاحظت إن ريال مدريد بدأ الشوط الثاني أفضل وسجل وكان أخطر إلا إن سواريز سجل من نصف فرصة هدف وغلطة راموس قتلت المباراة .. متأكد إن لو سواريز كان لاعباً لريال مدريد في بداية الشوط الثاني كان ع الأقل سجل ثلاثية في 15 دقيقية إلي كان فيها ريال مدريد خطير المشكلة في إنهاء الهجمة'],['albr96']
['2018-10-28 23:05:42+00:00'],['مدرب بورتو شو وصلو ل ريال مدريد ما تقلي اسبانيا لانها طول السنه ما بلعب ١٠ مباريات'],['abodmasalma1']
['2018-10-28 23:05:30+00:00'],['#برشلونه_ريال_مدريد جون كمان وكنا هنقول انهم بيلعبوا بروح الفانلة البيضة'],['EslamsaadEs']
['2018-10-28 23:05:28+00:00'],['بالعافية #برشلونه_ريال_مدريد'],['karrardhia']
['2018-10-28 23:05:27+00:00'],['جوردي ألبا : هزيمة ريال مدريد هي مثل الفوز بدوري أبطال أروبا .'],['Madrid4Evers']
['2018-10-28 23:05:26+00:00'],['لسوء ريال مدريد ولاعبينه خل الضرطلوني يلعب براحته . للعلم'],['Alzaeee61551527']
['2018-10-28 23:05:26+00:00'],['ارسنال اتعادل مع بالاس 2-2 ويونايتد كسب ايفرتون 2-1 وتشيلسي كسب بيرنلي 3-0 ريال مدريد كسب برشلونة 1-0'],['MoYossry']
['2018-10-28 23:05:25+00:00'],['barcelona news - اخبار البارسا اليوم الأحد 21/10/2018 : رسميا .. ريال مدريد يفقد نجمه في الكلاسيكو http://dlvr.it/Qp22rm pic.twitter.com/79Z6tPzhmv'],['5H_YHrY68']
['2018-10-28 23:05:15+00:00'],['#برشلونه_ريال_مدريد'],['EmmyElzougaby']
['2018-10-28 23:05:05+00:00'],['~ هدف ريال مدريد هو ان يقود كونتي تدريبات الفريق يوم الثلاثاء. اذا لم تنتهي المفاوضات بين تشيلسي وكونتي لإنهاء عقد المدرب مع النادي الإنجليزي، ريال مدريد سوف يقوم بتفعيل خيار روبيرتو مارتينيز.'],['issa940923205']
['2018-10-28 23:04:55+00:00'],['مجموعة منتج مالتي ماكا زيادة قوة وصلابة الإنتصاب تأخير القذف عند الذين يعانون من ذلك زيادة الرغبة الجنسيه زيادة كمية وكفاءة الحيوانات المنويه زيادة الرغبة الجنسية للمرأة زيادة المتعة للطرفين للطلب والتواصل عبر الخاص #السعودية #برشلونه_ريال_مدريد pic.twitter.com/XNkIPc8dwU'],['dy69379518']
['2018-10-28 23:04:52+00:00'],['جوردي البا : الفوز على ريال مدريد وكأننا فزنا بدوري الابطال ! شوفوا وين وصلت فيهم الحالة'],['h4ni_8']
['2018-10-28 23:04:45+00:00'],['~ ريال مدريد طلب معلومات حول مدرب المنتخب البلجيكي "روبيرتو مارتينيز" ولكن هناك خوف من تكرار ما حدث مع لوبيتيغي عندما كان يدرب المنتخب، في عقده مع المنتخب يوجد بند يمنعه من فسخ العقد لتدريب منتخب آخر بينما الوضع مخالف فيما يخص تدريب الأندية.'],['issa940923205']
['2018-10-28 23:04:26+00:00'],|['OLE || !حطموهم و بالخمسة! حتى و بدون ميسي ، برشلونة فاز على ريال مدريد 5-1 ، مباراة ستبقى في الذاكرة . لويس سواريز فعل كل شيء في المباراة وسجل هاتريك . فريق فالفيردي هو المتصدر و لوبيتيجي من الممكن ان يخسر وظيفته. pic.twitter.com/PhFUlgUBnB']|,['zrhoni_mohamed']
['2018-10-28 23:04:24+00:00'],['~ كونتي لم يكن المرشح صاحب أكبر الإحتمالات لتدريب ريال مدريد، يقولون عنه بأنه يكون خطيرا عندما يفقد السيطرة على نفسه.'],['issa940923205']
['2018-10-28 23:04:24+00:00'],['ريال مدريد * برشلونة برعاية " كولونيا خمس خمسات " الراعي الرسمي لريال مدريد pic.twitter.com/rR8KcgV9Zw'],['91hamad']
['2018-10-28 23:04:20+00:00'],['من اليوم انا برشلونيه انشاالله #برشلونه_ريال_مدريد'],['Meeems__']
['2018-10-28 23:04:10+00:00'],['#برشلونه_ريال_مدريد pic.twitter.com/9gwBIqpmWD'],['7aso0on7000']
['2018-10-28 23:04:06+00:00'],['#برشلونه_ريال_مدريد وضعي pic.twitter.com/xJPCtHOBzy'],['Triple3Ah']
['2018-10-28 23:04:01+00:00'],['يارب يارب .. #برشلونه_ريال_مدريد pic.twitter.com/y1DSiVMcBC'],['Therib8']
['2018-10-28 23:03:57+00:00'],['من تفضل لقيادة ريال مدريد في الفترة المقبلة؟ https://arabia.as.com/article/17664/%D8%AF%D9%88%D8%B1%D9%8A%D8%A7%D8%AA-%D8%A3%D9%88%D8%B1%D9%88%D8%A8%D9%8A%D8%A9/%D8%A7%D9%84%D8%AF%D9%88%D8%B1%D9%8A-%D8%A7%D9%84%D8%A5%D8%B3%D8%A8%D8%A7%D9%86%D9%8A/%D8%A8%D8%B9%D8%AF-%D9%84%D9%88%D8%A8%D9%8A%D8%AA%D9%8A%D8%AC%D9%8A-4-%D9%85%D8%AF%D8%B1%D8%A8%D9%8A%D9%86-%D9%85%D8%B1%D8%B4%D8%AD%D9%88%D9%86-%D9%84%D8%A5%D9%86%D9%82%D8%A7%D8%B0-%D9%85%D9%88%D8%B3%D9%85-%D8%B1%D9%8A%D8%A7%D9%84-%D9%85%D8%AF%D8%B1%D9%8A%D8%AF …'],['as_arabia']
['2018-10-28 23:03:45+00:00'],['#خالد_العبدالله #افضل_سناب_t #بايع_التمر #امطار_الرياض #برشلونه_ريال_مدريد #الدريس_يسيء_لمغردي_الوطن #دخنه #الاهلي_وفاق_سطيف #ElClasico #متعصب_هلالي_يقود_المسابقات #هلا_بالشتاء_هلابه #هاشتاق'],['Accounts_ksa']
['2018-10-28 23:03:40+00:00'],['#برشلونه_ريال_مدريد والله حزينه واااجد أوجد شيء'],['Dr_NR7']
['2018-10-28 23:03:25+00:00'],['#برشلونه_ريال_مدريد راموس يجيد الدفاع فى حالة عدم وجود الكورة!!'],['EslamsaadEs']
['2018-10-28 23:03:20+00:00'],|['|| نادي ريال مدريد الاسباني اصدر بيان يعزي فيه نادي ليستر ستي في حادثة المروحية pic.twitter.com/ezj2DnteoV']|,['VAVEL_Arabic']
['2018-10-28 23:03:15+00:00'],['قصدكم فوز برشلونة على ريال مدريد 5 يا شريفه و مرتزقتها'],['HassanA93823756']
['2018-10-28 23:03:11+00:00'],['ريال مدريد يقدم تعازيه في وفاة رئيس نادي ليستر سيتي ... طيب ووفاتنا احنا عملتوووو فيهااا اييييه https://twitter.com/realmadriden/status/1056681542091726848 …'],['AhmedBarodi']
['2018-10-28 23:03:08+00:00'],['#برشلونه_ريال_مدريد ﮼اللهم،صل،وسلم،وبارك،على،نبينا،محمد . .."ء'],['393_flanh']
['2018-10-28 23:03:01+00:00'],['#برشلونه_ريال_مدريد خبر عاجل:حارس مرمى الريال ينادى باسم سواريز اثناء نومه'],['EslamsaadEs']
['2018-10-28 23:02:57+00:00'],['عاجل من مصادر خاصه في قناة ألجزيره : البارشا كان يستمع للموسيقى اثناء التسجيل في مرما ريال مدريد #اغلاق_قناه_الفتنه_الجزيره_12'],['1WHY7ObEbzjAKs1']
['2018-10-28 23:02:55+00:00'],['ريال مدريد فقد الكثير برحيل كريستانو منه .. الف مبروك للبرشا وهاردلك لفريقي الريال'],['raidan121']
['2018-10-28 23:02:54+00:00'],['عبدالله أشكناني: ألف فوز في الكلاسيكو.. لا يعادل بطولة "أبطال" واحدة #برشلونه_ريال_مدريد .. #ElClasico .. #كلاسيكو_الارض #ون_تو .. اشترك في #قناة_atv وفعل خاصية التنبيه http://goo.gl/WeShp5 pic.twitter.com/8o1KKFl5Sk'],['atvkw']
['2018-10-28 23:02:51+00:00'],['#توصيل و تركيب اثاث من #ايكيا #ساكو و غيرها داخل و خارج #الرياض #برشلونه_ريال_مدريد #أسرة_شي_إنpic.twitter.com/2bGaaUaXU4'],['93pXDXheUY1PmQl']
['2018-10-28 23:02:42+00:00'],['تويتر عبارة عن خسارة ريال مدريد وبعوضها بالسكند'],['GharaibehYara']
['2018-10-28 23:02:30+00:00'],['كل الأخبار عن إقالة المدرب والصحافة ما تكلمت عن الفرص إلي أهدرها ريال مدريد برعونة لما كانت النتيجة 2/1 ما حد تكلم وريال مدريد ممتاز وراموس أهدى هدف غير كل الموازين شماعة الجهلة " المدرب " دائماً ! ريال مدريد سيُعاني هجومياً حتى لو تعاقدنا مع جوارديولا'],['albr96']
['2018-10-28 23:02:28+00:00'],['هقول ايه ولا اعيد ايه بس #برشلونه_ريال_مدريد'],['ali_sheshaa']
['2018-10-28 23:02:24+00:00'],['لما فريق يجب اربعة ابطال في خمس سنين و ينفخ ام اوروبا كلها زي مانفخهم ريال مدريد تعالي وتكلم ولو ع خمسه الريال فاز ع برشلونه 4و5و11 و 6 وكثييييير فا ارجوك بطل هبل انتو لسه شمين نفسكو سنه دي بس ... كفيه عليك كذا و خالني اشم رائحة الشياط من عندك بسبب الحرقان'],['moutaz9393']
['2018-10-28 23:02:23+00:00'],|['OLE || حطموهم و بالخمسة ! - حتى و بدون ميسي ، برشلونة فاز على ريال مدريد 5-1 ، مباراة ستبقى في الذاكرة . لويس سواريز فعل كل شيء في المباراة وسجل هاتريك . فريق فالفيردي هو المتصدر و لوبيتيجي من الممكن ان يخسر وظيفته. pic.twitter.com/Z718qNpGt1']|,['FCBW_A7']
['2018-10-28 23:02:12+00:00'],['#برشلونة 5 - 1 #ريال_مدريد : اهداف المباراة كاملة HD . #برشلونه_ريال_مدريد pic.twitter.com/8CxhVUXYq4'],['hsetzlernews']
['2018-10-28 23:02:10+00:00'],['ده مرتضي منصور بتاع ريال مدريد....'],['49zDUTMfiEN2mbG']
['2018-10-28 23:02:04+00:00'],['اهداف الكلاسيكو برشلونة vs ريال مدريد: http://youtu.be/3ZHhFciiJhw?a عبر @YouTube'],['joughou']
['2018-10-28 23:02:02+00:00'],['خلو عنكم من يلعب معي فورتنايت. #برشلونه_ريال_مدريد'],['qovvs']
['2018-10-28 23:02:00+00:00'],['ريال مدريد دخل القنصليه السعوديه #برشلونه_ريال_مدريد'],['aljzar1979']
['2018-10-28 23:01:53+00:00'],['الحفلة اللى معمولة على ريال مدريد دى احا كسم الضحك مع انى ولا بحب ده ولا بحب ده بس انا ك أرسنال مبسوط'],['FawzyWalaa']
['2018-10-28 23:01:30+00:00'],['وضع البرشلوني بكرة في الدوام #برشلونة_ريال_مدريد pic.twitter.com/TZEcifZTgg'],['3J_cule']
['2018-10-28 23:01:14+00:00'],['الشهر الصعب مر على برشلونة بسلام برشلونة 1 : 1 فالنسيا برشلونة 4 : 2 توتنهام برشلونة 4 : 2 اشبيلية برشلونة 2 : 0 انتر ميلان برشلونة 5 : بدون ميسي ريال مدريد'],['Fouad_D10S']
['2018-10-28 23:01:13+00:00'],['الحياة فرص و انا #بنزيما #برشلونه_ريال_مدريد'],['afb_real']
['2018-10-28 23:01:12+00:00'],['ارسل طولك و وزنك على الخاص .. وحقولك كيف تخس ،، وكيف يروح الكرش وبوقت قياسي وبدون اثار جانبية او ترهلات #تويته_عن_طقس_مدينتك #الاهلي_وفاق_سطيف #برشلونه_ريال_مدريد'],['zz11ll']
['2018-10-28 23:01:04+00:00'],['جوردي ألبا. فوز على ريال مدريد مثل فوز ب كاس ابطال اروبا. مهما ديروا ريال اكبر منكم'],['AliSala52886132']
['2018-10-28 23:00:57+00:00'],['للامانة اي احد يتكلم عن المدرب ويتكلم عن فشله مايفهم شيء بالكورة ، المدرب ماقصر وسوا الي عليه لكن الي شفناه هو عُهر باللاعبين للامانة ، وكان عيب لوبتيغي تأخره بالتبديلات ، اذا كمل لوبتيغي مع #ريال_مدريد فأنا كُلي ثقة فيه'],['i3zz_7']
['2018-10-28 23:00:50+00:00'],['مباراة برشلونة و ريال مدريد https://youtu.be/Yeww0o3NNYc'],['EssamAl19865114']
['2018-10-28 23:00:49+00:00'],['#برشلونه_ريال_مدريد. خرجت من الاستراحه اشتي اطلع باص وأشرت للسواق بأصابعي الخمس(قصدي مامعي الا خمسين) لحقني لافوق الرصيف كان يشتي يصدمني طلع مدريدي هههههههههههههههههههههه #إنتا_مش_إنتا_وإنتا_خسران'],['Na_sr_1']
['2018-10-28 23:00:47+00:00'],['#برشلونة_ريال_مدريد الريال بدون رونالدو لا تساوي شيئ !'],['TarekGoulmane']
['2018-10-28 23:00:47+00:00'],['مسلسل هازارد و ريال مدريد أطول من مسلسلات الانمي'],['YazeedMustafa24']
['2018-10-28 23:00:28+00:00'],['#برشلونه_ريال_مدريد pic.twitter.com/a5dDc20C9Q'],['KVlPW']
['2018-10-28 23:00:24+00:00'],['محمد سهيل متحديًا ناصر العمران: من البدلاء عند #فالفيردي غير إللي لعب فيهم؟!.. أي برشلوني يعرف بأن هذه هي تبديلاته #برشلونه_ريال_مدريد .. #ElClasico .. #كلاسيكو_الارض #ون_تو .. اشترك في #قناة_atv وفعل خاصية التنبيه http://goo.gl/WeShp5 pic.twitter.com/UiPRGY9nqk'],['atvkw']
['2018-10-28 23:00:22+00:00'],['ماذا قالت الصحف الإسبانية عن سقوط ريال مدريد في الكلاسيكو ؟ – في الملعب https://kora-sa.com/2018/10/29/%d9%85%d8%a7%d8%b0%d8%a7-%d9%82%d8%a7%d9%84%d8%aa-%d8%a7%d9%84%d8%b5%d8%ad%d9%81-%d8%a7%d9%84%d8%a5%d8%b3%d8%a8%d8%a7%d9%86%d9%8a%d8%a9-%d8%b9%d9%86-%d8%b3%d9%82%d9%88%d8%b7-%d8%b1%d9%8a%d8%a7%d9%84-4/20661/ …pic.twitter.com/hObPTl1B5p'],['OstoraPlus']
['2018-10-28 23:00:22+00:00'],['#برشلونه_ريال_مدريد كبير اسبانيا ليت ميسي كان موجود بس'],['Adneye45Saftd']
['2018-10-28 23:00:21+00:00'],['أفشل نسخة من ريال مدريد.'],['brahimie95']
['2018-10-28 23:00:14+00:00'],['ريال مدريد خسر يبو ناصر'],['PhoWrld']
['2018-10-28 23:00:09+00:00'],['ماركا: لوبيتيجي ودّع لاعبي ريال مدريد في غرفة خلع الملابس https://goo.gl/ojN9Y4 pic.twitter.com/oxOaFnRhgM'],['FilGoalNews']
['2018-10-28 23:00:05+00:00'],['دا ايه اليوم اللي من اوله هزيمه ده الريال والأهلي يد وبعدها الأهلي قدم يتعادل بعد هزيمة هو الكلام دا بجد #برشلونه_ريال_مدريد #الاهلي_الوصل'],['abdotablia3']
['2018-10-28 23:00:00+00:00'],|['#سوبر_كوره || 10 أرقام تحققت فى ليلة سقوط الريال أمام برشلونة بخماسية #برشلونه_ريال_مدريد #كلاسيكو_الارض https://goo.gl/dJdef1 pic.twitter.com/9MuWvb6Fdn']|,['superkora']
['2018-10-28 22:59:57+00:00'],['شاهد أهذاف الكلاسيكو برشلونة و ريال مدريد اليوم 10/28/2018 http://bit.ly/2zb3hUT pic.twitter.com/eXlMDkQVel'],['GolasYalla']
['2018-10-28 22:59:54+00:00'],['قالها الشوالى زمان.صفر سيدي الحكم وانقذ مدريد واليوم يعلنها تدخل الحكم وانقذ مدريد #الكلاسيكو مباشر #برشلونة #برشلونه_ريال_مدريد'],['Zaza56109192']
['2018-10-28 22:59:52+00:00'],['#برشلونه_ريال_مدريد خمسة ف عين راموس'],['TJbdm']
['2018-10-28 22:59:43+00:00'],['الله يستر خذي ريال مدريد بس خليكى مبسوطة pic.twitter.com/Qzx1Z2jYkW'],['NematPejman']
['2018-10-28 22:59:36+00:00'],['وأنت تشاهد مرمطة الريال في الكلاسيكو تذكر.. أخر ثمان كلاسيكوهات لمورينيو: أربع انتصارات.. وثلاث تعادلات وخسارة وحيدة كانت في ذهاب كأس السوبر الذي فاز به ريال مدريد... pic.twitter.com/iJZpAQqbkD'],['BaderM_']
['2018-10-28 22:59:32+00:00'],['المره دى داخلين نفول البنزيما ... #برشلونه_ريال_مدريد #ElClasico #ريال_مدريد'],['mahmoudsadekk']
['2018-10-28 22:59:27+00:00'],['تعالو نعلمكم ازاي بتذل ريال مدريد عندنا ف اسبانيا بنضربه بالشبشب'],['superzezo99']
['2018-10-28 22:59:12+00:00'],['https://bit.ly/2O8Cxd6 #جمال_خاشقجي #برشلونه_ريال_مدريد #الكلاسيكو #FCBRMA #ElClasico #Madrid #Lopetegui #BarcaRealMadrid'],['a9ssawi']
['2018-10-28 22:59:11+00:00'],['صاروا يكسروا بقلبي عنجد جماعة ريال مدريد ياحرام تشرشحوا'],['malekalsoree']
['2018-10-28 22:58:56+00:00'],['#برشلونه_ريال_مدريد #موتلو_السعوديه مؤسسة جلاميد للتجاره وكيل حصري لبطاريات موتلو في المملكه العربيه السعوديه #جده_الرياض_الدمام_القصيم'],['MUTLU_BATEERY']
['2018-10-28 22:58:53+00:00'],['اخخخخخخخكل ماجيت تويتر احصل ذا الصور خلاص زقت معي بترك ريال مدريد'],['faris_sm10']
['2018-10-28 22:58:52+00:00'],['#برشلونه_ريال_مدريد pic.twitter.com/cl7fYGG0xD'],['3J_cule']
['2018-10-28 22:58:50+00:00'],['ياجماعه اليوم شبعنا ضحك على ريال مدريد عنجد'],['malekalsoree']
['2018-10-28 22:58:49+00:00'],['كل مااتمناه ان العاهرة غوتي يدرب ريال مدريد ههههههههههه يارب تصير'],['_zezooo_']
['2018-10-28 22:58:34+00:00'],['ماركا: لوبيتيجي ودّع لاعبي ريال مدريد في غرفة خلع الملابس https://akhbar5.com/2018/10/%d9%85%d8%a7%d8%b1%d9%83%d8%a7-%d9%84%d9%88%d8%a8%d9%8a%d8%aa%d9%8a%d8%ac%d9%8a-%d9%88%d8%af%d9%91%d8%b9-%d9%84%d8%a7%d8%b9%d8%a8%d9%8a-%d8%b1%d9%8a%d8%a7%d9%84-%d9%85%d8%af%d8%b1%d9%8a%d8%af-%d9%81/ …'],['akhbarfive']
['2018-10-28 22:58:33+00:00'],['#برشلونة_ريال_مدريد ليت كريستيانو يعود يوما ... يا مرعبهم الريال يعاني'],['TarekGoulmane']
['2018-10-28 22:58:13+00:00'],|['يأسف النادي لوفاة رئيس نادي ليستر سيتي ، والأشخاص الآخرين الذين رافقوه في مروحية الحوادث , كل التعازي للنادي ولأسرهم ولعشاق ليستر سيتي - بيان رسمي من #ريال_مدريد']|,['Hegazy_Mexes']
['2018-10-28 22:58:10+00:00'],|['اشوا ان السبك ذا محورهم ولا تسان علوم فوق 3 مرات اللي لو يلعب كوره طويله بيخلي خويه رأس برأس مع كورتوا , لو ميسي لاعب متأكد راح نطلع بنتيجه اقل من هذي , استغرب من البرشلوني اللي يمدح فريقه !؟ فاز الضعيف وخسر الأضعف , اخيراً يارب بيريز يحس #برشلونه_ريال_مدريد pic.twitter.com/G1LrAtLa5Q']|,['AbdullhAlfurhud']
['2018-10-28 22:58:00+00:00'],['#برشلونه_ريال_مدريد pic.twitter.com/T0nKY3Dj3r'],['iam__thomas']
['2018-10-28 22:57:44+00:00'],['مشجعين ريال مدريد لماذا تشجعونه؟ مشجعين برشلونه لماذا تشجعونه؟ حد فيه لغب!!'],['medmahmoudad']
['2018-10-28 22:57:42+00:00'],['ماركا: لوبيتيجي ودّع لاعبي ريال مدريد في غرفة خلع الملابس https://yalla7ml.com/%d9%85%d8%a7%d8%b1%d9%83%d8%a7-%d9%84%d9%88%d8%a8%d9%8a%d8%aa%d9%8a%d8%ac%d9%8a-%d9%88%d8%af%d9%91%d8%b9-%d9%84%d8%a7%d8%b9%d8%a8%d9%8a-%d8%b1%d9%8a%d8%a7%d9%84-%d9%85%d8%af%d8%b1%d9%8a%d8%af-%d9%81/ …pic.twitter.com/v37nGSGPkL'],['yalla7ml']
['2018-10-28 22:57:40+00:00'],['غط وجهك يا بني فهناك مشهد إباحي لايصلح للاطفال هههــ̯͡ـ̯̯͡͡ـ̯هههــ̯͡ـ̯͡ـ̯͡ـهههــ̯͡ـ̯͡ـ̯ــ̯͡ـ̯͡ـ̯هههااااايﮯ #برشلونه_ريال مدريد #forcabarcapic.twitter.com/nc2i3iP6vN'],['MuS3d_Fcb']
['2018-10-28 22:57:38+00:00'],|['اوندا سيرو || لوبيتيغي سيكون حاضراً في الحصة التدريبية المقرره غداً استعداداً لمباراة كأس الملك، الساعه السادسه سيكون هناك اجتماع لمناقشة قرار اقالته ، كونتي بمجرد حل مشكلته نهائياً مع تشيلسي سيوقع لـ ريال مدريد. إذا لم يوقع كونتي غدًا ، سـ يقود سولاري الفريق مؤقتًا حتى يصل كونتي. pic.twitter.com/JvyaGSHQro']|,['RM4Arab']
['2018-10-28 22:57:26+00:00'],['احبك انت وامي وابوي ومدريد !! واكره غيابك والعواذل وميسي !! #برشلونه_ريال_مدريد #برشلونه_ريال_مدريد'],['M7md92436774']
['2018-10-28 22:57:25+00:00'],['ياخي انت فاضي و تبغى تسولف يا تش تش .. ياخي انا عندي قناعه ان الاهلي احسن من ريال مدريد اش دخل اهل اهلك انت طيب ؟'],['SALEM_C8']
['2018-10-28 22:57:24+00:00'],['#برشلونه_ريال_مدريد مهما كان وسط الريال قوي بهيمنته على أوروبا بوسكيتس يتعامل مع وسطهم كانهم فئات سنيه" رايق حتى بالدوران" البا مستوى عظيم وسبرنت خطير pic.twitter.com/edscxkuZI7'],['ali15_S']
['2018-10-28 22:57:20+00:00'],['بص بعيد عن ان رونالدو مش موجود الريال فريق قوى جدا والتاريخ والبطولات شاهده ع كدة .... انا بجد مش عاوزه ادخل فى حوار ونقاش لكن ريال مدريد عمره ماكان بيعتمد ع لاعب وياما فاز بالتشكيل الاحتياطى السنين اللى فاتت مع زيزو الريال لو عاوز يفوز هقدر لكن عنده حاله لامبلاه'],['NesreenTharwat']
['2018-10-28 22:57:17+00:00'],['#برشلونه_ريال_مدريد ملخّص الكلاسيكو pic.twitter.com/6VZlD03mvI'],['Bin_Khaled_20']
['2018-10-28 22:57:11+00:00'],['اين ريال مدريد أنا لا اراه pic.twitter.com/SY2uTQuPy8'],['ahmedgimy7']
['2018-10-28 22:57:05+00:00'],['متعودين. #برشلونه_ريال_مدريد pic.twitter.com/hoPrPwwAzR'],['almonther_zr']
['2018-10-28 22:56:56+00:00'],['خسروا ريال مدريد'],['RAALAJMIII']
['2018-10-28 22:56:56+00:00'],['ريال مدريد اليوم صارلهم كيف مشهد الاغتصاب في مسلسل فاطمة التركي'],['mbogzaill']
['2018-10-28 22:56:47+00:00'],['لما يبدا صاحب المحل يشجع في الريال وتقولة عطيني كرت خمسة #برشلونه_ريال_مدريد pic.twitter.com/Ae8QPuoXDs'],['walled_ibrahim']
['2018-10-28 22:56:45+00:00'],['ريال مدريد في بيان رسمي يقدم تعازيه لنادي ليستر واسرة مالكه في وفاة اونر فيتشاي pic.twitter.com/KW5WkluIAI'],['mouhcine_tabti']
['2018-10-28 22:56:43+00:00'],['#برشلونه_ريال_مدريد #تعى_نرجع_نتذكر #امطار_المدينه #امطار_الشرقيه سبحان الله وبحمده سبحان الله العظيم'],['Das61711546']
['2018-10-28 22:56:34+00:00'],['الاهلي يتعادل وكان هيخسر كمان والريال يخسر ٥ ده ايه اليوم الغريب ده بجد حسبي الله ونعم الوكيل فيك يا بيريز #الاهلي_الوصل #ريال_مدريد_برشلونه'],['AbdoMasoud72']
['2018-10-28 22:56:32+00:00'],['ريال مدريد لقم 5 تلاقي بيكيه قعد يشاور'],['MohamedEladawy_']
['2018-10-28 22:56:21+00:00'],['قويه مره النتيجه #برشلونه_ريال_مدريد'],['nawaf_bandarj']
['2018-10-28 22:56:17+00:00'],['ريال مدريد ليش كذااء #برشلونه_ريال_مدريد'],['H_hnoo4']
['2018-10-28 22:56:15+00:00'],['#برشلونه_ريال_مدريد يرددو ويقولو راح رونالدو ضاع مدريد راح من حقق لكم البطولات المحليه والقاريه والالقاب من كان يفوزكم خلاص ماعندكم احد تساله مره ثانيه في نفس الوقت ( اش رايك في كريستيانو رونالدو ) يرد : لاعب عادي بس مو اسطوره ولا شئ طيب شكرا على المشاركه يا دلخ #مدريد'],['Fahd12Alshehri']
['2018-10-28 22:56:07+00:00'],['#ريال_مدريد 95 فوز #برشلونه 94 فوزpic.twitter.com/gW9aeHEgTR'],['hsetzlernews']
['2018-10-28 22:55:59+00:00'],['زويا ،، صدقيني مشكلة ريال مدريد من بيريز واللاعبين وليس المدرب'],['madridddddi']
['2018-10-28 22:55:51+00:00'],['"يأسف نادي ريال مدريد لوفاة رئيس نادي ليستر سيتي فيشاي سريفادادابرابها ، والأشخاص الآخرين الذين رافقوه في حادث المروحية، كما يريد النادي إظهار تعازيه لأسرهم وأصدقائهم وجميع عشاق ليستر".'],['AhmiidRagabb']
['2018-10-28 22:55:48+00:00'],['#برشلونه_ريال_مدريد اللهم انت ياربي تعلم بحاجتي سخرلي من يساعدني تكفون اخواني ساعدوني'],['amm1234590']
['2018-10-28 22:55:43+00:00'],['استمع لما قاله عصام الشوالي عن ريال مدريد في عهد زيدان استمع جيدا وساكررها استمع جيدا ولاخر مرة استمع جيدا #شواليات #عصام_الشوالي https://www.facebook.com/2080844372237618/posts/2199163323739055/ …'],['semarzidan']
['2018-10-28 22:55:33+00:00'],['نصائح يجب الحذر منها عند نزول المطر: 1- عدم زيادة السرعة فوق 80 كم. 2- استغلال الشوارع الفاظية. 3- الابتعاد عن أماكن الاستهتار. 4-تجنب برك المياه على حواف الطريق. 5برشلونة : 1ريال مدريد. #برشلونه_ريال_مدريد'],['almonther_zr']
['2018-10-28 22:55:22+00:00'],['على عيني و راسي ماحدا نكر انه ريال مدريد نادي كبير و اله تاريخه لكن هي مباراة و بين اقوى عدوين في كرة القدم طبيعي يعني نضحك عليكم حالياً و خصوصاً بعد مباراة ضد برشلونة و تنتهي بنتيجة تاريخية كمان. نفس الاشي اذا صار العكس كمان مع برشلونة'],['MhMd__AI']
['2018-10-28 22:55:22+00:00'],['يا ميسي البرشا ما يقدر على الفراق ويا مدريدي البرشا طول عمره حراق #برشلونه_ريال_مدريد'],['abuamjed512']
['2018-10-28 22:55:16+00:00'],['قول انك بتحور عشان تمشي و تروح ريال مدريد https://twitter.com/EPLworld/status/1056679096757993473 …'],['RaghebAr']
['2018-10-28 22:55:10+00:00'],['المصائب تنهال على ريال مدريد بعد الكلاسيكو https://goo.gl/omz5ZY'],['koorapress']
['2018-10-28 22:55:10+00:00'],|['#برشلونة ٥ || #ريال_مدريد ١ .. و من دون ميسي #فضيحة']|,['MouazKayyal']
['2018-10-28 22:55:08+00:00'],['#برشلونه_ريال_مدريد pic.twitter.com/pjlx38icEa'],['azooz_808']
['2018-10-28 22:55:07+00:00'],['اول مره ماتوجعنيش اخسارة ريال مدريد يا سس عارف ليش لأن حاليا خيتافي خير منا توجعني لما ريال مدريد يبقى في قمة العطاء ويخسر'],['AlnamerMataz']
['2018-10-28 22:54:52+00:00'],['#برشلونه_ريال_مدريد هههه احلا تعليق لشوالي خمسة وخميس حاضر محمد غايب ابليس'],['stef_kassem']
['2018-10-28 22:54:52+00:00'],['كم افتقد الكلاسيكو لك ياصديقي في الليله العتماء افتقدنا البدر ريال مدريد يفتقدك ياصديقي أنا افتقد يا معشوقي pic.twitter.com/c3OTW8cHGw'],['MahmoudShahin74']
['2018-10-28 22:54:49+00:00'],['ارسل طولك و وزنك على الخاص .. وحقولك كيف تخس ،، وكيف يروح الكرش وبوقت قياسي وبدون اثار جانبية او ترهلات #تويته_عن_طقس_مدينتك #الاهلي_وفاق_سطيف #برشلونه_ريال_مدريد وو'],['dayanna123123']
['2018-10-28 22:54:43+00:00'],['هو اللي حببني في الكورة و في ريال مدريد بس انتي نسيتي واحد ما يتنساش رونالدينهو و بالنسبالي بيكهام و كاكا كمان و كدة جبرت https://twitter.com/Yaraamr38101908/status/1056668354335961094 …'],['a7medbe7']
['2018-10-28 22:54:37+00:00'],|['#العبدلي_نيوز || #فيديو|| محلل رياضي : لو كان #ميسي موجود لن يفوز برشلونة ! #برشلونه_ريال_مدريد pic.twitter.com/p2VWUNzhuh']|,['alabdleNEWS']
['2018-10-28 22:54:37+00:00'],['المتصل حسن الصراف: هذا وهم.. من يقول بأن " #برشلونة ولا شي بدون #ميسي" #برشلونه_ريال_مدريد .. #ElClasico .. #كلاسيكو_الارض #ون_تو .. اشترك في #قناة_atv وفعل خاصية التنبيه http://goo.gl/WeShp5 pic.twitter.com/8Sajuw46Ge'],['atvkw']
['2018-10-28 22:54:35+00:00'],['انظر الى أين أوصلت ريال مدريد يا بيريز العجوز الخرف pic.twitter.com/QZexE1bilr'],['ZAID_ALNAIYMI']
['2018-10-28 22:54:16+00:00'],['مابعرف ليش ما بحب يعيش بنعمة او هيك كرة القدم استمراية يمكن تقتل المتعة انتصار يعني انت متهيلة انو ريال مدريد يحقق الرابعه على التوالي والله يمكن يلغي البطولة يلي عم يصير بريال هي ازمة وان شاء الله نخرج منا عن قريب هيك كرة القدم'],['Abd24598515']
['2018-10-28 22:54:09+00:00'],['إقالة مدرب ريال مدريد لوبيتيغي غدا الاثنين.. وكونتي مرشح لخلافته http://chouftv.ma/sport/24438.html …'],['ChoufTVma']
['2018-10-28 22:54:08+00:00'],['خمسة بدون صاحب الرقم عشرة. البارسا أمطر شباك ريال مدريد، وهاتريك للويس سواريز وبدون أن يلعب ميسي. -فلورينتينو سيقرر إقالة لوبيتيجي غداً. pic.twitter.com/7QZ7672dnK'],['semo7557']
['2018-10-28 22:54:05+00:00'],['لاء أنا أهلاوي اه بس بشجع ريال مدريد حبيبي يا كابتن'],['AhmedHu79693301']
['2018-10-28 22:54:01+00:00'],['عندما يغيب الاسد يضهر حتى سواريز زمان استغفر الله بس #برشلونه_ريال_مدريد pic.twitter.com/FfYorqztDM'],['xYt3mf99krwJQQs']
['2018-10-28 22:53:59+00:00'],['كوبيه : دي لامورينا : " في ريال مدريد يطلبون تقارير عن روبيرتو مارتينيز ، لكن يخشون ان تحدث فوضى مثل ما حدث مع لوبتيغي و المنتخب الاسباني " pic.twitter.com/Ug9nchs3Q6'],['ZoYaZenat']
['2018-10-28 22:53:54+00:00'],['#برشلونه_ريال_مدريد pic.twitter.com/6YWb0Ey2JE'],['altnin1988']
['2018-10-28 22:53:51+00:00'],['تقرير كامل BEIN SPORT عن فوز برشلونة على ريال مدريد 5-1 ومؤتمر مدرب الريال بعد'],['3ijla11']
['2018-10-28 22:53:50+00:00'],['مدعي عام #إسبانيا يمنع النشر حول خسارة #ريال_مدريد هذه الليلة #برشلونة'],['tarekaljazairi']
['2018-10-28 22:53:46+00:00'],['#برشلونه_ريال_مدريد " لعل ركعة واحدة تكون نهاية حزن ثقيل ، وبداية فرح مقيم؛ لا تستخفوا برفع الأكف إلى الله ، فإنه "قريب يجيب دعوة الداع إذا دعاه" - صلاة الوتر.'],['i_fatimh89']
['2018-10-28 22:53:43+00:00'],['مباراة ممتعة قدمها #البارشا رغم إنخفاض مستوى الفريق بالشوط الثاني الا ان #البارشا عاد وبقوه ليظفر بالنتيجة الكبيرة والنقاط الثلاث هارد لك للريال الكبير .. #برشلونه_ريال_مدريد pic.twitter.com/332cQCwucY'],['a1b2d6']
['2018-10-28 22:53:37+00:00'],['نادي ريال مدريد الإسباني في بيان رسمي يقدم تعازيه لعائلات ضحايا حادث تحطم مروحية مالك نادي ليستر سيتي #ليستر_سيتيpic.twitter.com/ssweoSB7we'],['AhmiidRagabb']
['2018-10-28 22:53:36+00:00'],['برشلونة يسحق ريال مدريد 5-1 فى الكلاسيكو الأسباني https://www.kooraarabia.com/66964'],['koora_spain']
['2018-10-28 22:53:32+00:00'],['محمد ،،، بختصرها لك مستوى لاعبي ريال مدريد توقف وبعضهم انحدر وباقي الفرق مستوى لاعبيهم ارتفع ،، الأنديه الثانيه تبيع وتشتري وتعزز وبيريز يبيع مايشتري يحب الفلوس وحضور كونتي ليس الحل صدقني'],['madridddddi']
['2018-10-28 22:53:31+00:00'],['لمن فاتته مباراه البارحه. #برشلونه_ريال_مدريد pic.twitter.com/odBHLxo6uc'],['srbeoo']
['2018-10-28 22:53:28+00:00'],['ريال مدريد فين يا ولاد!'],['MoamenTommy']
['2018-10-28 22:53:24+00:00'],['#برشلونه_ريال_مدريد يعني تبيع افضل لاعب في العالم كرستيانو رونالدو وتخلي زيدان يرحل وتبقي بيل وكريم بن زيما لا وتقوم تجيب الاسطوره ماريانو دياز يعني تتوقع حيحصل ايه مثلا ي بيريز حتغلب برشلونه وتشيل دوري وابطال ياعمي اصحى احنا تبهدلنا في الكامب نو pic.twitter.com/7flm5ihYtv'],['Azzam_Ibrahi']
['2018-10-28 22:53:19+00:00'],['تخيل أن نادي الافيس متقدم على ريال مدريد بستة نقاط اللعنة عليك يا بيريز'],['ZAID_ALNAIYMI']
['2018-10-28 22:53:18+00:00'],['بيان رسمي يأسف مشجعي ريال مدريد لوفاة نادي ريال مدريد بسبب أفعال المدعو فلورينتينو بيريز والأشخاص الآخرين الذين عانوه في بيع أساطير النادي.. https://twitter.com/RM4Arab/status/1056679242296102914 …'],['VipMurad_']
['2018-10-28 22:53:17+00:00'],['سـتظهـر لـهم بـ الأحـلاام ، ستـكـون الشبـح الذي يريدون الخلاصص منه ، نـعم نحن سعـدااء ولـكن أنت الأكثر سعادهه ، أحلاام حلـوهه لـ المدريستا .. #برشلونه_ريال_مدريد pic.twitter.com/C3m2pKxCCM'],['MrWaleed8']
